date,headline,sentiment_vader,sentiment_finbert,sentiment,sentiment_openai_score,KR-FinBert
2025-03-12,[필동정담] NASA국장과 구로구청장 ,0,0,0.0,0,0
2025-03-12,"FT ""트럼프, 머스크와의 결별은 시간문제···곁에 두기엔 정치적 부담... ",0,-1,-0.5,-1,0
2025-03-12,"트럼프, 주가 폭락한 테슬라 시승…""머스크, 1억불 기부로 화답""(종합) ",0,-1,-0.5,-1,-1
2025-03-12,찬 바람 속 희소식 든 양극재…IRA 변동성이 '수주 릴레이' 변수로 [소부... ,0,0,0.0,0,0
2025-03-12,"""중국도 20조 넣는다""…투자확대 기대감에 로봇주 강세[핫종목] ",0,0,0.0,0,1
2025-03-12,"中 샤오펑, 플라잉카·휴머노이드 로봇 내년 출시…주가 급등 ",0,-1,-0.5,0,1
2025-03-12,"트럼프, 머스크와 모델S 시승→구매까지…""테슬라 공격시 테러로 처벌"" ",0,-1,-0.5,0,0
2025-03-12,[포착] 테슬라 판매사원?…모델별 가격 적힌 메모 들고 홍보하는 트럼프... ,0,0,0.0,0,0
2025-03-12,"이준석 ""이재명은 윤 대통령 데칼코마니"" [짤e몽땅] ",0,0,0.0,0,0
2025-03-12,"트럼프, 테슬라 타고 머스크 지원...""테슬라 공격은 테러"" ",0,-1,-0.5,0,0
2025-03-12,中전기차 관세 부과에도 BYD EU서 판매 급증…테슬라는 반토막 ,0,-1,-0.5,-1,-1
2025-03-12,나스닥100 하락 속 개인 순매수 증가… 반등 기대감 작용 ,0,-1,-0.5,0,1
2025-03-12,머스크가 6·25 참전 미군 유해 신원 확인 중단시켰다고? ,0,0,0.0,-1,-1
2025-03-12,[질문들] 테슬라향 대규모 수주?…엘앤에프 '봄날은 온다' ,0,0,0.0,1,-1
2025-03-12,"3배 테슬라 올라탄 서학개미, -76% 날벼락…""매도 못해"" 비명만 ",0,-1,-0.5,-1,-1
2025-03-12,"젝시믹스, 브랜드 창립 10주년 기념 대규모 기획전 진행 ",0,0,0.0,0,0
2025-03-12,테슬라 주가 폭락으로 190조 증발... 눈가 촉촉해져 '말잇못' 하는 일론... ,0,0,0.0,-1,-1
2025-03-12,"제네시스 'GV70' 전기차 타보니, 묵직한 '가짜 엔진음' 구현[카미경] ",0,-1,-0.5,-1,-1
2025-03-12,"코스닥...리노공업 · HPSP · 퀄리타스반도체 '껑충', 알테오젠 '뚝' ",0,-1,-0.5,0,1
2025-03-12,"밉상 된 테슬라, 국내 판매도 부진… 일각선 “신차 없는 탓” ",0,-1,-0.5,-1,-1
2025-03-12,"루마니아 '푸틴 칭송' 극우 대선 후보 출마 금지...머스크 ""미친 짓"" ",0,0,0.0,0,0
2025-03-12,"돌아온 外人, 코스피 '급등'...하나금융·SK하이닉스 '껑충' ",0,-1,-0.5,0,0
2025-03-12,'KODEX 미국서학개미 ETF' 올해 수익률 '바닥권' ,0,-1,-0.5,-1,1
2025-03-12,"트럼프의 테슬라 vs 레이건의 할리 데이비슨, 무엇이 다른가? [데스크칼... ",0,0,0.0,0,0
2025-03-12,한달동안 '-30%'....손절? 저가매수? 혼돈의 서학개미 ,0,0,0.0,-1,0
2025-03-12,"머스크와 '모델S' 시승 트럼프…""테슬라 공격시 '테러'로 처벌""(종합2보... ",0,-1,-0.5,-1,0
2025-03-12,"테슬라 유럽 판매 급감 이유, 신차 출시 위해 모델 Y 생산 중단이 주요... ",0,0,0.0,-1,-1
2025-03-12,"`자산운용` 키우는 우리금융, 美부자 꿈꾸며 `EMP펀드` 출시 ",0,-1,-0.5,0,1
2025-03-12,"현대차 모셔널 테슬라·구글 뒤따른다, 자율주행 기술 '엔드투엔드'로 ... ",0,-1,-0.5,0,1
2025-03-12,"테슬라 광팬도 등 돌렸다 ""주가 곧 200달러 붕괴할 것"" ",0,0,0.0,-1,0
2025-03-11,[필동정담] NASA국장과 구로구청장 ,0,0,0.0,0,0
2025-03-11,"FT ""트럼프, 머스크와의 결별은 시간문제···곁에 두기엔 정치적 부담... ",0,-1,-0.5,-1,0
2025-03-11,"트럼프, 주가 폭락한 테슬라 시승…""머스크, 1억불 기부로 화답""(종합) ",0,-1,-0.5,-1,-1
2025-03-11,찬 바람 속 희소식 든 양극재…IRA 변동성이 '수주 릴레이' 변수로 [소부... ,0,0,0.0,0,0
2025-03-11,"""중국도 20조 넣는다""…투자확대 기대감에 로봇주 강세[핫종목] ",0,0,0.0,0,1
2025-03-11,"中 샤오펑, 플라잉카·휴머노이드 로봇 내년 출시…주가 급등 ",0,-1,-0.5,0,1
2025-03-11,"트럼프, 머스크와 모델S 시승→구매까지…""테슬라 공격시 테러로 처벌"" ",0,-1,-0.5,0,0
2025-03-11,[포착] 테슬라 판매사원?…모델별 가격 적힌 메모 들고 홍보하는 트럼프... ,0,0,0.0,0,0
2025-03-11,"이준석 ""이재명은 윤 대통령 데칼코마니"" [짤e몽땅] ",0,0,0.0,0,0
2025-03-11,"트럼프, 테슬라 타고 머스크 지원...""테슬라 공격은 테러"" ",0,-1,-0.5,0,0
2025-03-11,中전기차 관세 부과에도 BYD EU서 판매 급증…테슬라는 반토막 ,0,-1,-0.5,-1,-1
2025-03-11,나스닥100 하락 속 개인 순매수 증가… 반등 기대감 작용 ,0,-1,-0.5,0,1
2025-03-11,머스크가 6·25 참전 미군 유해 신원 확인 중단시켰다고? ,0,0,0.0,-1,-1
2025-03-11,[질문들] 테슬라향 대규모 수주?…엘앤에프 '봄날은 온다' ,0,0,0.0,1,-1
2025-03-11,"3배 테슬라 올라탄 서학개미, -76% 날벼락…""매도 못해"" 비명만 ",0,-1,-0.5,-1,-1
2025-03-11,"젝시믹스, 브랜드 창립 10주년 기념 대규모 기획전 진행 ",0,0,0.0,0,0
2025-03-11,테슬라 주가 폭락으로 190조 증발... 눈가 촉촉해져 '말잇못' 하는 일론... ,0,0,0.0,-1,-1
2025-03-11,"제네시스 'GV70' 전기차 타보니, 묵직한 '가짜 엔진음' 구현[카미경] ",0,-1,-0.5,-1,-1
2025-03-11,"코스닥...리노공업 · HPSP · 퀄리타스반도체 '껑충', 알테오젠 '뚝' ",0,-1,-0.5,0,1
2025-03-11,"밉상 된 테슬라, 국내 판매도 부진… 일각선 “신차 없는 탓” ",0,-1,-0.5,-1,-1
2025-03-11,"루마니아 '푸틴 칭송' 극우 대선 후보 출마 금지...머스크 ""미친 짓"" ",0,0,0.0,0,0
2025-03-11,'KODEX 미국서학개미 ETF' 올해 수익률 '바닥권' ,0,-1,-0.5,-1,1
2025-03-11,"돌아온 外人, 코스피 '급등'...하나금융·SK하이닉스 '껑충' ",0,-1,-0.5,0,0
2025-03-11,"트럼프의 테슬라 vs 레이건의 할리 데이비슨, 무엇이 다른가? [데스크칼... ",0,0,0.0,0,0
2025-03-11,한달동안 '-30%'....손절? 저가매수? 혼돈의 서학개미 ,0,0,0.0,-1,0
2025-03-11,"머스크와 '모델S' 시승 트럼프…""테슬라 공격시 '테러'로 처벌""(종합2보... ",0,-1,-0.5,-1,0
2025-03-11,"테슬라 유럽 판매 급감 이유, 신차 출시 위해 모델 Y 생산 중단이 주요... ",0,0,0.0,-1,-1
2025-03-11,"현대차 모셔널 테슬라·구글 뒤따른다, 자율주행 기술 '엔드투엔드'로 ... ",0,-1,-0.5,-1,1
2025-03-11,"`자산운용` 키우는 우리금융, 美부자 꿈꾸며 `EMP펀드` 출시 ",0,-1,-0.5,0,1
2025-03-11,"테슬라 광팬도 등 돌렸다 ""주가 곧 200달러 붕괴할 것"" ",0,0,0.0,-1,0
2025-03-10,[필동정담] NASA국장과 구로구청장 ,0,0,0.0,0,0
2025-03-10,"FT ""트럼프, 머스크와의 결별은 시간문제···곁에 두기엔 정치적 부담... ",0,-1,-0.5,-1,0
2025-03-10,"트럼프, 주가 폭락한 테슬라 시승…""머스크, 1억불 기부로 화답""(종합) ",0,-1,-0.5,-1,-1
2025-03-10,찬 바람 속 희소식 든 양극재…IRA 변동성이 '수주 릴레이' 변수로 [소부... ,0,0,0.0,0,0
2025-03-10,"""중국도 20조 넣는다""…투자확대 기대감에 로봇주 강세[핫종목] ",0,0,0.0,0,1
2025-03-10,"中 샤오펑, 플라잉카·휴머노이드 로봇 내년 출시…주가 급등 ",0,-1,-0.5,0,1
2025-03-10,[포착] 테슬라 판매사원?…모델별 가격 적힌 메모 들고 홍보하는 트럼프... ,0,0,0.0,0,0
2025-03-10,"트럼프, 머스크와 모델S 시승→구매까지…""테슬라 공격시 테러로 처벌"" ",0,-1,-0.5,0,0
2025-03-10,"이준석 ""이재명은 윤 대통령 데칼코마니"" [짤e몽땅] ",0,0,0.0,0,0
2025-03-10,"트럼프, 테슬라 타고 머스크 지원...""테슬라 공격은 테러"" ",0,-1,-0.5,0,0
2025-03-10,나스닥100 하락 속 개인 순매수 증가… 반등 기대감 작용 ,0,-1,-0.5,0,1
2025-03-10,中전기차 관세 부과에도 BYD EU서 판매 급증…테슬라는 반토막 ,0,-1,-0.5,-1,-1
2025-03-10,머스크가 6·25 참전 미군 유해 신원 확인 중단시켰다고? ,0,0,0.0,-1,-1
2025-03-10,[질문들] 테슬라향 대규모 수주?…엘앤에프 '봄날은 온다' ,0,0,0.0,1,-1
2025-03-10,"3배 테슬라 올라탄 서학개미, -76% 날벼락…""매도 못해"" 비명만 ",0,-1,-0.5,-1,-1
2025-03-10,"젝시믹스, 브랜드 창립 10주년 기념 대규모 기획전 진행 ",0,0,0.0,0,0
2025-03-10,테슬라 주가 폭락으로 190조 증발... 눈가 촉촉해져 '말잇못' 하는 일론... ,0,0,0.0,-1,-1
2025-03-10,"제네시스 'GV70' 전기차 타보니, 묵직한 '가짜 엔진음' 구현[카미경] ",0,-1,-0.5,-1,-1
2025-03-10,"코스닥...리노공업 · HPSP · 퀄리타스반도체 '껑충', 알테오젠 '뚝' ",0,-1,-0.5,0,1
2025-03-10,"루마니아 '푸틴 칭송' 극우 대선 후보 출마 금지...머스크 ""미친 짓"" ",0,0,0.0,0,0
2025-03-10,"루마니아 '푸틴 칭송' 극우 대선 후보 출마 금지...머스크 ""미친 짓"" ",0,0,0.0,0,0
2025-03-10,'KODEX 미국서학개미 ETF' 올해 수익률 '바닥권' ,0,-1,-0.5,-1,1
2025-03-10,"돌아온 外人, 코스피 '급등'...하나금융·SK하이닉스 '껑충' ",0,-1,-0.5,0,0
2025-03-10,"트럼프의 테슬라 vs 레이건의 할리 데이비슨, 무엇이 다른가? [데스크칼... ",0,0,0.0,0,0
2025-03-10,한달동안 '-30%'....손절? 저가매수? 혼돈의 서학개미 ,0,0,0.0,-1,0
2025-03-10,"머스크와 '모델S' 시승 트럼프…""테슬라 공격시 '테러'로 처벌""(종합2보... ",0,-1,-0.5,-1,0
2025-03-10,"테슬라 유럽 판매 급감 이유, 신차 출시 위해 모델 Y 생산 중단이 주요... ",0,0,0.0,-1,-1
2025-03-10,"현대차 모셔널 테슬라·구글 뒤따른다, 자율주행 기술 '엔드투엔드'로 ... ",0,-1,-0.5,0,1
2025-03-10,"`자산운용` 키우는 우리금융, 美부자 꿈꾸며 `EMP펀드` 출시 ",0,-1,-0.5,0,1
2025-03-10,"테슬라 광팬도 등 돌렸다 ""주가 곧 200달러 붕괴할 것"" ",0,0,0.0,-1,0
2025-03-09,[필동정담] NASA국장과 구로구청장 ,0,0,0.0,0,0
2025-03-09,"FT ""트럼프, 머스크와의 결별은 시간문제···곁에 두기엔 정치적 부담... ",0,-1,-0.5,-1,0
2025-03-09,"트럼프, 주가 폭락한 테슬라 시승…""머스크, 1억불 기부로 화답""(종합) ",0,-1,-0.5,-1,-1
2025-03-09,찬 바람 속 희소식 든 양극재…IRA 변동성이 '수주 릴레이' 변수로 [소부... ,0,0,0.0,0,0
2025-03-09,"""중국도 20조 넣는다""…투자확대 기대감에 로봇주 강세[핫종목] ",0,0,0.0,0,1
2025-03-09,"中 샤오펑, 플라잉카·휴머노이드 로봇 내년 출시…주가 급등 ",0,-1,-0.5,0,1
2025-03-09,[포착] 테슬라 판매사원?…모델별 가격 적힌 메모 들고 홍보하는 트럼프... ,0,0,0.0,0,0
2025-03-09,"트럼프, 머스크와 모델S 시승→구매까지…""테슬라 공격시 테러로 처벌"" ",0,-1,-0.5,0,0
2025-03-09,"이준석 ""이재명은 윤 대통령 데칼코마니"" [짤e몽땅] ",0,0,0.0,0,0
2025-03-09,"트럼프, 테슬라 타고 머스크 지원...""테슬라 공격은 테러"" ",0,-1,-0.5,0,0
2025-03-09,나스닥100 하락 속 개인 순매수 증가… 반등 기대감 작용 ,0,-1,-0.5,0,1
2025-03-09,中전기차 관세 부과에도 BYD EU서 판매 급증…테슬라는 반토막 ,0,-1,-0.5,-1,-1
2025-03-09,머스크가 6·25 참전 미군 유해 신원 확인 중단시켰다고? ,0,0,0.0,-1,-1
2025-03-09,[질문들] 테슬라향 대규모 수주?…엘앤에프 '봄날은 온다' ,0,0,0.0,1,-1
2025-03-09,"3배 테슬라 올라탄 서학개미, -76% 날벼락…""매도 못해"" 비명만 ",0,-1,-0.5,-1,-1
2025-03-09,"젝시믹스, 브랜드 창립 10주년 기념 대규모 기획전 진행 ",0,0,0.0,0,0
2025-03-09,테슬라 주가 폭락으로 190조 증발... 눈가 촉촉해져 '말잇못' 하는 일론... ,0,0,0.0,-1,-1
2025-03-09,"제네시스 'GV70' 전기차 타보니, 묵직한 '가짜 엔진음' 구현[카미경] ",0,-1,-0.5,-1,-1
2025-03-09,"코스닥...리노공업 · HPSP · 퀄리타스반도체 '껑충', 알테오젠 '뚝' ",0,-1,-0.5,0,1
2025-03-09,"루마니아 '푸틴 칭송' 극우 대선 후보 출마 금지...머스크 ""미친 짓"" ",0,0,0.0,0,0
2025-03-09,"루마니아 '푸틴 칭송' 극우 대선 후보 출마 금지...머스크 ""미친 짓"" ",0,0,0.0,0,0
2025-03-09,"돌아온 外人, 코스피 '급등'...하나금융·SK하이닉스 '껑충' ",0,-1,-0.5,0,0
2025-03-09,'KODEX 미국서학개미 ETF' 올해 수익률 '바닥권' ,0,-1,-0.5,-1,1
2025-03-09,"트럼프의 테슬라 vs 레이건의 할리 데이비슨, 무엇이 다른가? [데스크칼... ",0,0,0.0,0,0
2025-03-09,한달동안 '-30%'....손절? 저가매수? 혼돈의 서학개미 ,0,0,0.0,-1,0
2025-03-09,"머스크와 '모델S' 시승 트럼프…""테슬라 공격시 '테러'로 처벌""(종합2보... ",0,-1,-0.5,-1,0
2025-03-09,"테슬라 유럽 판매 급감 이유, 신차 출시 위해 모델 Y 생산 중단이 주요... ",0,0,0.0,-1,-1
2025-03-09,"`자산운용` 키우는 우리금융, 美부자 꿈꾸며 `EMP펀드` 출시 ",0,-1,-0.5,0,1
2025-03-09,"현대차 모셔널 테슬라·구글 뒤따른다, 자율주행 기술 '엔드투엔드'로 ... ",0,-1,-0.5,0,1
2025-03-09,"테슬라 광팬도 등 돌렸다 ""주가 곧 200달러 붕괴할 것"" ",0,0,0.0,-1,0
2025-03-08,[필동정담] NASA국장과 구로구청장 ,0,0,0.0,0,0
2025-03-08,"FT ""트럼프, 머스크와의 결별은 시간문제···곁에 두기엔 정치적 부담... ",0,-1,-0.5,-1,0
2025-03-08,"트럼프, 주가 폭락한 테슬라 시승…""머스크, 1억불 기부로 화답""(종합) ",0,-1,-0.5,-1,-1
2025-03-08,찬 바람 속 희소식 든 양극재…IRA 변동성이 '수주 릴레이' 변수로 [소부... ,0,0,0.0,0,0
2025-03-08,"""중국도 20조 넣는다""…투자확대 기대감에 로봇주 강세[핫종목] ",0,0,0.0,0,1
2025-03-08,"中 샤오펑, 플라잉카·휴머노이드 로봇 내년 출시…주가 급등 ",0,-1,-0.5,0,1
2025-03-08,"트럼프, 머스크와 모델S 시승→구매까지…""테슬라 공격시 테러로 처벌"" ",0,-1,-0.5,0,0
2025-03-08,[포착] 테슬라 판매사원?…모델별 가격 적힌 메모 들고 홍보하는 트럼프... ,0,0,0.0,0,0
2025-03-08,"이준석 ""이재명은 윤 대통령 데칼코마니"" [짤e몽땅] ",0,0,0.0,0,0
2025-03-08,"트럼프, 테슬라 타고 머스크 지원...""테슬라 공격은 테러"" ",0,-1,-0.5,0,0
2025-03-08,나스닥100 하락 속 개인 순매수 증가… 반등 기대감 작용 ,0,-1,-0.5,0,1
2025-03-08,中전기차 관세 부과에도 BYD EU서 판매 급증…테슬라는 반토막 ,0,-1,-0.5,-1,-1
2025-03-08,머스크가 6·25 참전 미군 유해 신원 확인 중단시켰다고? ,0,0,0.0,-1,-1
2025-03-08,[질문들] 테슬라향 대규모 수주?…엘앤에프 '봄날은 온다' ,0,0,0.0,1,-1
2025-03-08,"3배 테슬라 올라탄 서학개미, -76% 날벼락…""매도 못해"" 비명만 ",0,-1,-0.5,-1,-1
2025-03-08,"젝시믹스, 브랜드 창립 10주년 기념 대규모 기획전 진행 ",0,0,0.0,0,0
2025-03-08,테슬라 주가 폭락으로 190조 증발... 눈가 촉촉해져 '말잇못' 하는 일론... ,0,0,0.0,-1,-1
2025-03-08,"제네시스 'GV70' 전기차 타보니, 묵직한 '가짜 엔진음' 구현[카미경] ",0,-1,-0.5,-1,-1
2025-03-08,"코스닥...리노공업 · HPSP · 퀄리타스반도체 '껑충', 알테오젠 '뚝' ",0,-1,-0.5,0,1
2025-03-08,"루마니아 '푸틴 칭송' 극우 대선 후보 출마 금지...머스크 ""미친 짓"" ",0,0,0.0,0,0
2025-03-08,"루마니아 '푸틴 칭송' 극우 대선 후보 출마 금지...머스크 ""미친 짓"" ",0,0,0.0,0,0
2025-03-08,"돌아온 外人, 코스피 '급등'...하나금융·SK하이닉스 '껑충' ",0,-1,-0.5,0,0
2025-03-08,'KODEX 미국서학개미 ETF' 올해 수익률 '바닥권' ,0,-1,-0.5,-1,1
2025-03-08,"트럼프의 테슬라 vs 레이건의 할리 데이비슨, 무엇이 다른가? [데스크칼... ",0,0,0.0,0,0
2025-03-08,한달동안 '-30%'....손절? 저가매수? 혼돈의 서학개미 ,0,0,0.0,-1,0
2025-03-08,"머스크와 '모델S' 시승 트럼프…""테슬라 공격시 '테러'로 처벌""(종합2보... ",0,-1,-0.5,-1,0
2025-03-08,"테슬라 유럽 판매 급감 이유, 신차 출시 위해 모델 Y 생산 중단이 주요... ",0,0,0.0,-1,-1
2025-03-08,"`자산운용` 키우는 우리금융, 美부자 꿈꾸며 `EMP펀드` 출시 ",0,-1,-0.5,0,1
2025-03-08,"현대차 모셔널 테슬라·구글 뒤따른다, 자율주행 기술 '엔드투엔드'로 ... ",0,-1,-0.5,0,1
2025-03-08,"테슬라 광팬도 등 돌렸다 ""주가 곧 200달러 붕괴할 것"" ",0,0,0.0,-1,0
2025-03-07,[필동정담] NASA국장과 구로구청장 ,0,0,0.0,0,0
2025-03-07,"FT ""트럼프, 머스크와의 결별은 시간문제···곁에 두기엔 정치적 부담... ",0,-1,-0.5,-1,0
2025-03-07,"트럼프, 주가 폭락한 테슬라 시승…""머스크, 1억불 기부로 화답""(종합) ",0,-1,-0.5,-1,-1
2025-03-07,찬 바람 속 희소식 든 양극재…IRA 변동성이 '수주 릴레이' 변수로 [소부... ,0,0,0.0,0,0
2025-03-07,"""중국도 20조 넣는다""…투자확대 기대감에 로봇주 강세[핫종목] ",0,0,0.0,0,1
2025-03-07,"中 샤오펑, 플라잉카·휴머노이드 로봇 내년 출시…주가 급등 ",0,-1,-0.5,0,1
2025-03-07,"트럼프, 머스크와 모델S 시승→구매까지…""테슬라 공격시 테러로 처벌"" ",0,-1,-0.5,0,0
2025-03-07,[포착] 테슬라 판매사원?…모델별 가격 적힌 메모 들고 홍보하는 트럼프... ,0,0,0.0,0,0
2025-03-07,"이준석 ""이재명은 윤 대통령 데칼코마니"" [짤e몽땅] ",0,0,0.0,0,0
2025-03-07,"트럼프, 테슬라 타고 머스크 지원...""테슬라 공격은 테러"" ",0,-1,-0.5,0,0
2025-03-07,나스닥100 하락 속 개인 순매수 증가… 반등 기대감 작용 ,0,-1,-0.5,0,1
2025-03-07,中전기차 관세 부과에도 BYD EU서 판매 급증…테슬라는 반토막 ,0,-1,-0.5,-1,-1
2025-03-07,머스크가 6·25 참전 미군 유해 신원 확인 중단시켰다고? ,0,0,0.0,-1,-1
2025-03-07,[질문들] 테슬라향 대규모 수주?…엘앤에프 '봄날은 온다' ,0,0,0.0,1,-1
2025-03-07,"3배 테슬라 올라탄 서학개미, -76% 날벼락…""매도 못해"" 비명만 ",0,-1,-0.5,-1,-1
2025-03-07,"젝시믹스, 브랜드 창립 10주년 기념 대규모 기획전 진행 ",0,0,0.0,0,0
2025-03-07,테슬라 주가 폭락으로 190조 증발... 눈가 촉촉해져 '말잇못' 하는 일론... ,0,0,0.0,-1,-1
2025-03-07,"제네시스 'GV70' 전기차 타보니, 묵직한 '가짜 엔진음' 구현[카미경] ",0,-1,-0.5,-1,-1
2025-03-07,"코스닥...리노공업 · HPSP · 퀄리타스반도체 '껑충', 알테오젠 '뚝' ",0,-1,-0.5,0,1
2025-03-07,"루마니아 '푸틴 칭송' 극우 대선 후보 출마 금지...머스크 ""미친 짓"" ",0,0,0.0,0,0
2025-03-07,"루마니아 '푸틴 칭송' 극우 대선 후보 출마 금지...머스크 ""미친 짓"" ",0,0,0.0,0,0
2025-03-07,'KODEX 미국서학개미 ETF' 올해 수익률 '바닥권' ,0,-1,-0.5,-1,1
2025-03-07,"돌아온 外人, 코스피 '급등'...하나금융·SK하이닉스 '껑충' ",0,-1,-0.5,0,0
2025-03-07,"트럼프의 테슬라 vs 레이건의 할리 데이비슨, 무엇이 다른가? [데스크칼... ",0,0,0.0,0,0
2025-03-07,한달동안 '-30%'....손절? 저가매수? 혼돈의 서학개미 ,0,0,0.0,-1,0
2025-03-07,"머스크와 '모델S' 시승 트럼프…""테슬라 공격시 '테러'로 처벌""(종합2보... ",0,-1,-0.5,-1,0
2025-03-07,"테슬라 유럽 판매 급감 이유, 신차 출시 위해 모델 Y 생산 중단이 주요... ",0,0,0.0,-1,-1
2025-03-07,"현대차 모셔널 테슬라·구글 뒤따른다, 자율주행 기술 '엔드투엔드'로 ... ",0,-1,-0.5,0,1
2025-03-07,"`자산운용` 키우는 우리금융, 美부자 꿈꾸며 `EMP펀드` 출시 ",0,-1,-0.5,0,1
2025-03-07,"테슬라 광팬도 등 돌렸다 ""주가 곧 200달러 붕괴할 것"" ",0,0,0.0,-1,0
2025-03-06,[필동정담] NASA국장과 구로구청장 ,0,0,0.0,0,0
2025-03-06,"FT ""트럼프, 머스크와의 결별은 시간문제···곁에 두기엔 정치적 부담... ",0,-1,-0.5,-1,0
2025-03-06,"트럼프, 주가 폭락한 테슬라 시승…""머스크, 1억불 기부로 화답""(종합) ",0,-1,-0.5,-1,-1
2025-03-06,찬 바람 속 희소식 든 양극재…IRA 변동성이 '수주 릴레이' 변수로 [소부... ,0,0,0.0,0,0
2025-03-06,"""중국도 20조 넣는다""…투자확대 기대감에 로봇주 강세[핫종목] ",0,0,0.0,0,1
2025-03-06,"中 샤오펑, 플라잉카·휴머노이드 로봇 내년 출시…주가 급등 ",0,-1,-0.5,0,1
2025-03-06,[포착] 테슬라 판매사원?…모델별 가격 적힌 메모 들고 홍보하는 트럼프... ,0,0,0.0,0,0
2025-03-06,"트럼프, 머스크와 모델S 시승→구매까지…""테슬라 공격시 테러로 처벌"" ",0,-1,-0.5,0,0
2025-03-06,"이준석 ""이재명은 윤 대통령 데칼코마니"" [짤e몽땅] ",0,0,0.0,0,0
2025-03-06,"트럼프, 테슬라 타고 머스크 지원...""테슬라 공격은 테러"" ",0,-1,-0.5,0,0
2025-03-06,나스닥100 하락 속 개인 순매수 증가… 반등 기대감 작용 ,0,-1,-0.5,0,1
2025-03-06,中전기차 관세 부과에도 BYD EU서 판매 급증…테슬라는 반토막 ,0,-1,-0.5,-1,-1
2025-03-06,머스크가 6·25 참전 미군 유해 신원 확인 중단시켰다고? ,0,0,0.0,-1,-1
2025-03-06,[질문들] 테슬라향 대규모 수주?…엘앤에프 '봄날은 온다' ,0,0,0.0,1,-1
2025-03-06,"3배 테슬라 올라탄 서학개미, -76% 날벼락…""매도 못해"" 비명만 ",0,-1,-0.5,-1,-1
2025-03-06,"젝시믹스, 브랜드 창립 10주년 기념 대규모 기획전 진행 ",0,0,0.0,0,0
2025-03-06,테슬라 주가 폭락으로 190조 증발... 눈가 촉촉해져 '말잇못' 하는 일론... ,0,0,0.0,-1,-1
2025-03-06,"제네시스 'GV70' 전기차 타보니, 묵직한 '가짜 엔진음' 구현[카미경] ",0,-1,-0.5,-1,-1
2025-03-06,"코스닥...리노공업 · HPSP · 퀄리타스반도체 '껑충', 알테오젠 '뚝' ",0,-1,-0.5,0,1
2025-03-06,"루마니아 '푸틴 칭송' 극우 대선 후보 출마 금지...머스크 ""미친 짓"" ",0,0,0.0,0,0
2025-03-06,"밉상 된 테슬라, 국내 판매도 부진… 일각선 “신차 없는 탓” ",0,-1,-0.5,-1,-1
2025-03-06,'KODEX 미국서학개미 ETF' 올해 수익률 '바닥권' ,0,-1,-0.5,-1,1
2025-03-06,"돌아온 外人, 코스피 '급등'...하나금융·SK하이닉스 '껑충' ",0,-1,-0.5,0,0
2025-03-06,"트럼프의 테슬라 vs 레이건의 할리 데이비슨, 무엇이 다른가? [데스크칼... ",0,0,0.0,0,0
2025-03-06,한달동안 '-30%'....손절? 저가매수? 혼돈의 서학개미 ,0,0,0.0,-1,0
2025-03-06,"머스크와 '모델S' 시승 트럼프…""테슬라 공격시 '테러'로 처벌""(종합2보... ",0,-1,-0.5,-1,0
2025-03-06,"테슬라 유럽 판매 급감 이유, 신차 출시 위해 모델 Y 생산 중단이 주요... ",0,0,0.0,-1,-1
2025-03-06,"현대차 모셔널 테슬라·구글 뒤따른다, 자율주행 기술 '엔드투엔드'로 ... ",0,-1,-0.5,0,1
2025-03-06,"`자산운용` 키우는 우리금융, 美부자 꿈꾸며 `EMP펀드` 출시 ",0,-1,-0.5,0,1
2025-03-06,"테슬라 광팬도 등 돌렸다 ""주가 곧 200달러 붕괴할 것"" ",0,0,0.0,-1,0
2025-03-05,[필동정담] NASA국장과 구로구청장 ,0,0,0.0,0,0
2025-03-05,"FT ""트럼프, 머스크와의 결별은 시간문제···곁에 두기엔 정치적 부담... ",0,-1,-0.5,-1,0
2025-03-05,"트럼프, 주가 폭락한 테슬라 시승…""머스크, 1억불 기부로 화답""(종합) ",0,-1,-0.5,-1,-1
2025-03-05,찬 바람 속 희소식 든 양극재…IRA 변동성이 '수주 릴레이' 변수로 [소부... ,0,0,0.0,0,0
2025-03-05,"""중국도 20조 넣는다""…투자확대 기대감에 로봇주 강세[핫종목] ",0,0,0.0,0,1
2025-03-05,"中 샤오펑, 플라잉카·휴머노이드 로봇 내년 출시…주가 급등 ",0,-1,-0.5,0,1
2025-03-05,"트럼프, 머스크와 모델S 시승→구매까지…""테슬라 공격시 테러로 처벌"" ",0,-1,-0.5,0,0
2025-03-05,[포착] 테슬라 판매사원?…모델별 가격 적힌 메모 들고 홍보하는 트럼프... ,0,0,0.0,0,0
2025-03-05,"이준석 ""이재명은 윤 대통령 데칼코마니"" [짤e몽땅] ",0,0,0.0,0,0
2025-03-05,"트럼프, 테슬라 타고 머스크 지원...""테슬라 공격은 테러"" ",0,-1,-0.5,0,0
2025-03-05,나스닥100 하락 속 개인 순매수 증가… 반등 기대감 작용 ,0,-1,-0.5,0,1
2025-03-05,中전기차 관세 부과에도 BYD EU서 판매 급증…테슬라는 반토막 ,0,-1,-0.5,-1,-1
2025-03-05,머스크가 6·25 참전 미군 유해 신원 확인 중단시켰다고? ,0,0,0.0,-1,-1
2025-03-05,[질문들] 테슬라향 대규모 수주?…엘앤에프 '봄날은 온다' ,0,0,0.0,1,-1
2025-03-05,"3배 테슬라 올라탄 서학개미, -76% 날벼락…""매도 못해"" 비명만 ",0,-1,-0.5,-1,-1
2025-03-05,"젝시믹스, 브랜드 창립 10주년 기념 대규모 기획전 진행 ",0,0,0.0,0,0
2025-03-05,테슬라 주가 폭락으로 190조 증발... 눈가 촉촉해져 '말잇못' 하는 일론... ,0,0,0.0,-1,-1
2025-03-05,"제네시스 'GV70' 전기차 타보니, 묵직한 '가짜 엔진음' 구현[카미경] ",0,-1,-0.5,-1,-1
2025-03-05,"코스닥...리노공업 · HPSP · 퀄리타스반도체 '껑충', 알테오젠 '뚝' ",0,-1,-0.5,0,1
2025-03-05,"루마니아 '푸틴 칭송' 극우 대선 후보 출마 금지...머스크 ""미친 짓"" ",0,0,0.0,0,0
2025-03-05,"밉상 된 테슬라, 국내 판매도 부진… 일각선 “신차 없는 탓” ",0,-1,-0.5,-1,-1
2025-03-05,"돌아온 外人, 코스피 '급등'...하나금융·SK하이닉스 '껑충' ",0,-1,-0.5,0,0
2025-03-05,'KODEX 미국서학개미 ETF' 올해 수익률 '바닥권' ,0,-1,-0.5,-1,1
2025-03-05,"트럼프의 테슬라 vs 레이건의 할리 데이비슨, 무엇이 다른가? [데스크칼... ",0,0,0.0,0,0
2025-03-05,한달동안 '-30%'....손절? 저가매수? 혼돈의 서학개미 ,0,0,0.0,-1,0
2025-03-05,"머스크와 '모델S' 시승 트럼프…""테슬라 공격시 '테러'로 처벌""(종합2보... ",0,-1,-0.5,-1,0
2025-03-05,"테슬라 유럽 판매 급감 이유, 신차 출시 위해 모델 Y 생산 중단이 주요... ",0,0,0.0,-1,-1
2025-03-05,"`자산운용` 키우는 우리금융, 美부자 꿈꾸며 `EMP펀드` 출시 ",0,-1,-0.5,0,1
2025-03-05,"현대차 모셔널 테슬라·구글 뒤따른다, 자율주행 기술 '엔드투엔드'로 ... ",0,-1,-0.5,0,1
2025-03-05,"테슬라 광팬도 등 돌렸다 ""주가 곧 200달러 붕괴할 것"" ",0,0,0.0,-1,0
2025-03-04,[필동정담] NASA국장과 구로구청장 ,0,0,0.0,0,0
2025-03-04,"FT ""트럼프, 머스크와의 결별은 시간문제···곁에 두기엔 정치적 부담... ",0,-1,-0.5,-1,0
2025-03-04,"트럼프, 주가 폭락한 테슬라 시승…""머스크, 1억불 기부로 화답""(종합) ",0,-1,-0.5,-1,-1
2025-03-04,찬 바람 속 희소식 든 양극재…IRA 변동성이 '수주 릴레이' 변수로 [소부... ,0,0,0.0,0,0
2025-03-04,"""중국도 20조 넣는다""…투자확대 기대감에 로봇주 강세[핫종목] ",0,0,0.0,0,1
2025-03-04,"中 샤오펑, 플라잉카·휴머노이드 로봇 내년 출시…주가 급등 ",0,-1,-0.5,0,1
2025-03-04,"트럼프, 머스크와 모델S 시승→구매까지…""테슬라 공격시 테러로 처벌"" ",0,-1,-0.5,0,0
2025-03-04,[포착] 테슬라 판매사원?…모델별 가격 적힌 메모 들고 홍보하는 트럼프... ,0,0,0.0,0,0
2025-03-04,"이준석 ""이재명은 윤 대통령 데칼코마니"" [짤e몽땅] ",0,0,0.0,0,0
2025-03-04,"트럼프, 테슬라 타고 머스크 지원...""테슬라 공격은 테러"" ",0,-1,-0.5,0,0
2025-03-04,中전기차 관세 부과에도 BYD EU서 판매 급증…테슬라는 반토막 ,0,-1,-0.5,-1,-1
2025-03-04,나스닥100 하락 속 개인 순매수 증가… 반등 기대감 작용 ,0,-1,-0.5,0,1
2025-03-04,머스크가 6·25 참전 미군 유해 신원 확인 중단시켰다고? ,0,0,0.0,-1,-1
2025-03-04,[질문들] 테슬라향 대규모 수주?…엘앤에프 '봄날은 온다' ,0,0,0.0,1,-1
2025-03-04,"3배 테슬라 올라탄 서학개미, -76% 날벼락…""매도 못해"" 비명만 ",0,-1,-0.5,-1,-1
2025-03-04,"젝시믹스, 브랜드 창립 10주년 기념 대규모 기획전 진행 ",0,0,0.0,0,0
2025-03-04,테슬라 주가 폭락으로 190조 증발... 눈가 촉촉해져 '말잇못' 하는 일론... ,0,0,0.0,-1,-1
2025-03-04,"제네시스 'GV70' 전기차 타보니, 묵직한 '가짜 엔진음' 구현[카미경] ",0,-1,-0.5,-1,-1
2025-03-04,"코스닥...리노공업 · HPSP · 퀄리타스반도체 '껑충', 알테오젠 '뚝' ",0,-1,-0.5,0,1
2025-03-04,"밉상 된 테슬라, 국내 판매도 부진… 일각선 “신차 없는 탓” ",0,-1,-0.5,-1,-1
2025-03-04,"밉상 된 테슬라, 국내 판매도 부진… 일각선 “신차 없는 탓” ",0,-1,-0.5,-1,-1
2025-03-04,"돌아온 外人, 코스피 '급등'...하나금융·SK하이닉스 '껑충' ",0,-1,-0.5,0,0
2025-03-04,'KODEX 미국서학개미 ETF' 올해 수익률 '바닥권' ,0,-1,-0.5,-1,1
2025-03-04,"트럼프의 테슬라 vs 레이건의 할리 데이비슨, 무엇이 다른가? [데스크칼... ",0,0,0.0,0,0
2025-03-04,한달동안 '-30%'....손절? 저가매수? 혼돈의 서학개미 ,0,0,0.0,-1,0
2025-03-04,"머스크와 '모델S' 시승 트럼프…""테슬라 공격시 '테러'로 처벌""(종합2보... ",0,-1,-0.5,-1,0
2025-03-04,"테슬라 유럽 판매 급감 이유, 신차 출시 위해 모델 Y 생산 중단이 주요... ",0,0,0.0,-1,-1
2025-03-04,"`자산운용` 키우는 우리금융, 美부자 꿈꾸며 `EMP펀드` 출시 ",0,-1,-0.5,0,1
2025-03-04,"현대차 모셔널 테슬라·구글 뒤따른다, 자율주행 기술 '엔드투엔드'로 ... ",0,-1,-0.5,0,1
2025-03-04,"테슬라 광팬도 등 돌렸다 ""주가 곧 200달러 붕괴할 것"" ",0,0,0.0,-1,0
2025-03-03,[필동정담] NASA국장과 구로구청장 ,0,0,0.0,0,0
2025-03-03,"FT ""트럼프, 머스크와의 결별은 시간문제···곁에 두기엔 정치적 부담... ",0,-1,-0.5,-1,0
2025-03-03,"트럼프, 주가 폭락한 테슬라 시승…""머스크, 1억불 기부로 화답""(종합) ",0,-1,-0.5,-1,-1
2025-03-03,찬 바람 속 희소식 든 양극재…IRA 변동성이 '수주 릴레이' 변수로 [소부... ,0,0,0.0,0,0
2025-03-03,"""중국도 20조 넣는다""…투자확대 기대감에 로봇주 강세[핫종목] ",0,0,0.0,0,1
2025-03-03,"中 샤오펑, 플라잉카·휴머노이드 로봇 내년 출시…주가 급등 ",0,-1,-0.5,0,1
2025-03-03,"트럼프, 머스크와 모델S 시승→구매까지…""테슬라 공격시 테러로 처벌"" ",0,-1,-0.5,0,0
2025-03-03,[포착] 테슬라 판매사원?…모델별 가격 적힌 메모 들고 홍보하는 트럼프... ,0,0,0.0,-1,0
2025-03-03,"이준석 ""이재명은 윤 대통령 데칼코마니"" [짤e몽땅] ",0,0,0.0,0,0
2025-03-03,"트럼프, 테슬라 타고 머스크 지원...""테슬라 공격은 테러"" ",0,-1,-0.5,0,0
2025-03-03,中전기차 관세 부과에도 BYD EU서 판매 급증…테슬라는 반토막 ,0,-1,-0.5,-1,-1
2025-03-03,나스닥100 하락 속 개인 순매수 증가… 반등 기대감 작용 ,0,-1,-0.5,0,1
2025-03-03,머스크가 6·25 참전 미군 유해 신원 확인 중단시켰다고? ,0,0,0.0,-1,-1
2025-03-03,[질문들] 테슬라향 대규모 수주?…엘앤에프 '봄날은 온다' ,0,0,0.0,1,-1
2025-03-03,"3배 테슬라 올라탄 서학개미, -76% 날벼락…""매도 못해"" 비명만 ",0,-1,-0.5,-1,-1
2025-03-03,"젝시믹스, 브랜드 창립 10주년 기념 대규모 기획전 진행 ",0,0,0.0,0,0
2025-03-03,테슬라 주가 폭락으로 190조 증발... 눈가 촉촉해져 '말잇못' 하는 일론... ,0,0,0.0,-1,-1
2025-03-03,"제네시스 'GV70' 전기차 타보니, 묵직한 '가짜 엔진음' 구현[카미경] ",0,-1,-0.5,-1,-1
2025-03-03,"코스닥...리노공업 · HPSP · 퀄리타스반도체 '껑충', 알테오젠 '뚝' ",0,-1,-0.5,0,1
2025-03-03,"밉상 된 테슬라, 국내 판매도 부진… 일각선 “신차 없는 탓” ",0,-1,-0.5,-1,-1
2025-03-03,"루마니아 '푸틴 칭송' 극우 대선 후보 출마 금지...머스크 ""미친 짓"" ",0,0,0.0,0,0
2025-03-03,"돌아온 外人, 코스피 '급등'...하나금융·SK하이닉스 '껑충' ",0,-1,-0.5,0,0
2025-03-03,'KODEX 미국서학개미 ETF' 올해 수익률 '바닥권' ,0,-1,-0.5,-1,1
2025-03-03,"트럼프의 테슬라 vs 레이건의 할리 데이비슨, 무엇이 다른가? [데스크칼... ",0,0,0.0,0,0
2025-03-03,한달동안 '-30%'....손절? 저가매수? 혼돈의 서학개미 ,0,0,0.0,-1,0
2025-03-03,"머스크와 '모델S' 시승 트럼프…""테슬라 공격시 '테러'로 처벌""(종합2보... ",0,-1,-0.5,-1,0
2025-03-03,"테슬라 유럽 판매 급감 이유, 신차 출시 위해 모델 Y 생산 중단이 주요... ",0,0,0.0,-1,-1
2025-03-03,"`자산운용` 키우는 우리금융, 美부자 꿈꾸며 `EMP펀드` 출시 ",0,-1,-0.5,0,1
2025-03-03,"현대차 모셔널 테슬라·구글 뒤따른다, 자율주행 기술 '엔드투엔드'로 ... ",0,-1,-0.5,0,1
2025-03-03,"테슬라 광팬도 등 돌렸다 ""주가 곧 200달러 붕괴할 것"" ",0,0,0.0,-1,0
2025-03-02,[필동정담] NASA국장과 구로구청장 ,0,0,0.0,0,0
2025-03-02,"FT ""트럼프, 머스크와의 결별은 시간문제···곁에 두기엔 정치적 부담... ",0,-1,-0.5,-1,0
2025-03-02,"트럼프, 주가 폭락한 테슬라 시승…""머스크, 1억불 기부로 화답""(종합) ",0,-1,-0.5,-1,-1
2025-03-02,찬 바람 속 희소식 든 양극재…IRA 변동성이 '수주 릴레이' 변수로 [소부... ,0,0,0.0,0,0
2025-03-02,"""중국도 20조 넣는다""…투자확대 기대감에 로봇주 강세[핫종목] ",0,0,0.0,0,1
2025-03-02,"中 샤오펑, 플라잉카·휴머노이드 로봇 내년 출시…주가 급등 ",0,-1,-0.5,0,1
2025-03-02,"트럼프, 머스크와 모델S 시승→구매까지…""테슬라 공격시 테러로 처벌"" ",0,-1,-0.5,0,0
2025-03-02,[포착] 테슬라 판매사원?…모델별 가격 적힌 메모 들고 홍보하는 트럼프... ,0,0,0.0,0,0
2025-03-02,"이준석 ""이재명은 윤 대통령 데칼코마니"" [짤e몽땅] ",0,0,0.0,0,0
2025-03-02,"트럼프, 테슬라 타고 머스크 지원...""테슬라 공격은 테러"" ",0,-1,-0.5,0,0
2025-03-02,나스닥100 하락 속 개인 순매수 증가… 반등 기대감 작용 ,0,-1,-0.5,0,1
2025-03-02,中전기차 관세 부과에도 BYD EU서 판매 급증…테슬라는 반토막 ,0,-1,-0.5,-1,-1
2025-03-02,머스크가 6·25 참전 미군 유해 신원 확인 중단시켰다고? ,0,0,0.0,-1,-1
2025-03-02,[질문들] 테슬라향 대규모 수주?…엘앤에프 '봄날은 온다' ,0,0,0.0,1,-1
2025-03-02,"3배 테슬라 올라탄 서학개미, -76% 날벼락…""매도 못해"" 비명만 ",0,-1,-0.5,-1,-1
2025-03-02,"젝시믹스, 브랜드 창립 10주년 기념 대규모 기획전 진행 ",0,0,0.0,0,0
2025-03-02,테슬라 주가 폭락으로 190조 증발... 눈가 촉촉해져 '말잇못' 하는 일론... ,0,0,0.0,-1,-1
2025-03-02,"제네시스 'GV70' 전기차 타보니, 묵직한 '가짜 엔진음' 구현[카미경] ",0,-1,-0.5,-1,-1
2025-03-02,"코스닥...리노공업 · HPSP · 퀄리타스반도체 '껑충', 알테오젠 '뚝' ",0,-1,-0.5,0,1
2025-03-02,"밉상 된 테슬라, 국내 판매도 부진… 일각선 “신차 없는 탓” ",0,-1,-0.5,-1,-1
2025-03-02,"루마니아 '푸틴 칭송' 극우 대선 후보 출마 금지...머스크 ""미친 짓"" ",0,0,0.0,0,0
2025-03-02,"돌아온 外人, 코스피 '급등'...하나금융·SK하이닉스 '껑충' ",0,-1,-0.5,0,0
2025-03-02,'KODEX 미국서학개미 ETF' 올해 수익률 '바닥권' ,0,-1,-0.5,-1,1
2025-03-02,"트럼프의 테슬라 vs 레이건의 할리 데이비슨, 무엇이 다른가? [데스크칼... ",0,0,0.0,0,0
2025-03-02,한달동안 '-30%'....손절? 저가매수? 혼돈의 서학개미 ,0,0,0.0,-1,0
2025-03-02,"머스크와 '모델S' 시승 트럼프…""테슬라 공격시 '테러'로 처벌""(종합2보... ",0,-1,-0.5,-1,0
2025-03-02,"테슬라 유럽 판매 급감 이유, 신차 출시 위해 모델 Y 생산 중단이 주요... ",0,0,0.0,-1,-1
2025-03-02,"`자산운용` 키우는 우리금융, 美부자 꿈꾸며 `EMP펀드` 출시 ",0,-1,-0.5,0,1
2025-03-02,"현대차 모셔널 테슬라·구글 뒤따른다, 자율주행 기술 '엔드투엔드'로 ... ",0,-1,-0.5,-1,1
2025-03-02,"테슬라 광팬도 등 돌렸다 ""주가 곧 200달러 붕괴할 것"" ",0,0,0.0,-1,0
2025-03-01,[필동정담] NASA국장과 구로구청장 ,0,0,0.0,0,0
2025-03-01,"FT ""트럼프, 머스크와의 결별은 시간문제···곁에 두기엔 정치적 부담... ",0,-1,-0.5,-1,0
2025-03-01,"트럼프, 주가 폭락한 테슬라 시승…""머스크, 1억불 기부로 화답""(종합) ",0,-1,-0.5,-1,-1
2025-03-01,찬 바람 속 희소식 든 양극재…IRA 변동성이 '수주 릴레이' 변수로 [소부... ,0,0,0.0,0,0
2025-03-01,"""중국도 20조 넣는다""…투자확대 기대감에 로봇주 강세[핫종목] ",0,0,0.0,0,1
2025-03-01,"中 샤오펑, 플라잉카·휴머노이드 로봇 내년 출시…주가 급등 ",0,-1,-0.5,0,1
2025-03-01,"트럼프, 머스크와 모델S 시승→구매까지…""테슬라 공격시 테러로 처벌"" ",0,-1,-0.5,0,0
2025-03-01,[포착] 테슬라 판매사원?…모델별 가격 적힌 메모 들고 홍보하는 트럼프... ,0,0,0.0,0,0
2025-03-01,"이준석 ""이재명은 윤 대통령 데칼코마니"" [짤e몽땅] ",0,0,0.0,0,0
2025-03-01,"트럼프, 테슬라 타고 머스크 지원...""테슬라 공격은 테러"" ",0,-1,-0.5,0,0
2025-03-01,中전기차 관세 부과에도 BYD EU서 판매 급증…테슬라는 반토막 ,0,-1,-0.5,-1,-1
2025-03-01,나스닥100 하락 속 개인 순매수 증가… 반등 기대감 작용 ,0,-1,-0.5,0,1
2025-03-01,머스크가 6·25 참전 미군 유해 신원 확인 중단시켰다고? ,0,0,0.0,-1,-1
2025-03-01,[질문들] 테슬라향 대규모 수주?…엘앤에프 '봄날은 온다' ,0,0,0.0,1,-1
2025-03-01,"3배 테슬라 올라탄 서학개미, -76% 날벼락…""매도 못해"" 비명만 ",0,-1,-0.5,-1,-1
2025-03-01,"젝시믹스, 브랜드 창립 10주년 기념 대규모 기획전 진행 ",0,0,0.0,0,0
2025-03-01,테슬라 주가 폭락으로 190조 증발... 눈가 촉촉해져 '말잇못' 하는 일론... ,0,0,0.0,-1,-1
2025-03-01,"제네시스 'GV70' 전기차 타보니, 묵직한 '가짜 엔진음' 구현[카미경] ",0,-1,-0.5,-1,-1
2025-03-01,"코스닥...리노공업 · HPSP · 퀄리타스반도체 '껑충', 알테오젠 '뚝' ",0,-1,-0.5,0,1
2025-03-01,"밉상 된 테슬라, 국내 판매도 부진… 일각선 “신차 없는 탓” ",0,-1,-0.5,-1,-1
2025-03-01,"루마니아 '푸틴 칭송' 극우 대선 후보 출마 금지...머스크 ""미친 짓"" ",0,0,0.0,0,0
2025-03-01,'KODEX 미국서학개미 ETF' 올해 수익률 '바닥권' ,0,-1,-0.5,-1,1
2025-03-01,"돌아온 外人, 코스피 '급등'...하나금융·SK하이닉스 '껑충' ",0,-1,-0.5,0,0
2025-03-01,"트럼프의 테슬라 vs 레이건의 할리 데이비슨, 무엇이 다른가? [데스크칼... ",0,0,0.0,0,0
2025-03-01,한달동안 '-30%'....손절? 저가매수? 혼돈의 서학개미 ,0,0,0.0,-1,0
2025-03-01,"머스크와 '모델S' 시승 트럼프…""테슬라 공격시 '테러'로 처벌""(종합2보... ",0,-1,-0.5,-1,0
2025-03-01,"테슬라 유럽 판매 급감 이유, 신차 출시 위해 모델 Y 생산 중단이 주요... ",0,0,0.0,-1,-1
2025-03-01,"현대차 모셔널 테슬라·구글 뒤따른다, 자율주행 기술 '엔드투엔드'로 ... ",0,-1,-0.5,0,1
2025-03-01,"`자산운용` 키우는 우리금융, 美부자 꿈꾸며 `EMP펀드` 출시 ",0,-1,-0.5,0,1
2025-03-01,"테슬라 광팬도 등 돌렸다 ""주가 곧 200달러 붕괴할 것"" ",0,0,0.0,-1,0
2025-02-28,[필동정담] NASA국장과 구로구청장 ,0,0,0.0,0,0
2025-02-28,"FT ""트럼프, 머스크와의 결별은 시간문제···곁에 두기엔 정치적 부담... ",0,-1,-0.5,-1,0
2025-02-28,"트럼프, 주가 폭락한 테슬라 시승…""머스크, 1억불 기부로 화답""(종합) ",0,-1,-0.5,-1,-1
2025-02-28,찬 바람 속 희소식 든 양극재…IRA 변동성이 '수주 릴레이' 변수로 [소부... ,0,0,0.0,0,0
2025-02-28,"""중국도 20조 넣는다""…투자확대 기대감에 로봇주 강세[핫종목] ",0,0,0.0,0,1
2025-02-28,"中 샤오펑, 플라잉카·휴머노이드 로봇 내년 출시…주가 급등 ",0,-1,-0.5,0,1
2025-02-28,[포착] 테슬라 판매사원?…모델별 가격 적힌 메모 들고 홍보하는 트럼프... ,0,0,0.0,0,0
2025-02-28,"트럼프, 머스크와 모델S 시승→구매까지…""테슬라 공격시 테러로 처벌"" ",0,-1,-0.5,0,0
2025-02-28,"이준석 ""이재명은 윤 대통령 데칼코마니"" [짤e몽땅] ",0,0,0.0,0,0
2025-02-28,"트럼프, 테슬라 타고 머스크 지원...""테슬라 공격은 테러"" ",0,-1,-0.5,0,0
2025-02-28,中전기차 관세 부과에도 BYD EU서 판매 급증…테슬라는 반토막 ,0,-1,-0.5,-1,-1
2025-02-28,나스닥100 하락 속 개인 순매수 증가… 반등 기대감 작용 ,0,-1,-0.5,0,1
2025-02-28,머스크가 6·25 참전 미군 유해 신원 확인 중단시켰다고? ,0,0,0.0,-1,-1
2025-02-28,[질문들] 테슬라향 대규모 수주?…엘앤에프 '봄날은 온다' ,0,0,0.0,1,-1
2025-02-28,"3배 테슬라 올라탄 서학개미, -76% 날벼락…""매도 못해"" 비명만 ",0,-1,-0.5,-1,-1
2025-02-28,"젝시믹스, 브랜드 창립 10주년 기념 대규모 기획전 진행 ",0,0,0.0,0,0
2025-02-28,테슬라 주가 폭락으로 190조 증발... 눈가 촉촉해져 '말잇못' 하는 일론... ,0,0,0.0,-1,-1
2025-02-28,"제네시스 'GV70' 전기차 타보니, 묵직한 '가짜 엔진음' 구현[카미경] ",0,-1,-0.5,-1,-1
2025-02-28,"코스닥...리노공업 · HPSP · 퀄리타스반도체 '껑충', 알테오젠 '뚝' ",0,-1,-0.5,0,1
2025-02-28,"루마니아 '푸틴 칭송' 극우 대선 후보 출마 금지...머스크 ""미친 짓"" ",0,0,0.0,0,0
2025-02-28,"루마니아 '푸틴 칭송' 극우 대선 후보 출마 금지...머스크 ""미친 짓"" ",0,0,0.0,0,0
2025-02-28,"돌아온 外人, 코스피 '급등'...하나금융·SK하이닉스 '껑충' ",0,-1,-0.5,0,0
2025-02-28,'KODEX 미국서학개미 ETF' 올해 수익률 '바닥권' ,0,-1,-0.5,-1,1
2025-02-28,"트럼프의 테슬라 vs 레이건의 할리 데이비슨, 무엇이 다른가? [데스크칼... ",0,0,0.0,0,0
2025-02-28,한달동안 '-30%'....손절? 저가매수? 혼돈의 서학개미 ,0,0,0.0,-1,0
2025-02-28,"머스크와 '모델S' 시승 트럼프…""테슬라 공격시 '테러'로 처벌""(종합2보... ",0,-1,-0.5,-1,0
2025-02-28,"테슬라 유럽 판매 급감 이유, 신차 출시 위해 모델 Y 생산 중단이 주요... ",0,0,0.0,-1,-1
2025-02-28,"`자산운용` 키우는 우리금융, 美부자 꿈꾸며 `EMP펀드` 출시 ",0,-1,-0.5,0,1
2025-02-28,"현대차 모셔널 테슬라·구글 뒤따른다, 자율주행 기술 '엔드투엔드'로 ... ",0,-1,-0.5,0,1
2025-02-28,"테슬라 광팬도 등 돌렸다 ""주가 곧 200달러 붕괴할 것"" ",0,0,0.0,-1,0
2025-02-27,[필동정담] NASA국장과 구로구청장 ,0,0,0.0,0,0
2025-02-27,"FT ""트럼프, 머스크와의 결별은 시간문제···곁에 두기엔 정치적 부담... ",0,-1,-0.5,-1,0
2025-02-27,"트럼프, 주가 폭락한 테슬라 시승…""머스크, 1억불 기부로 화답""(종합) ",0,-1,-0.5,-1,-1
2025-02-27,찬 바람 속 희소식 든 양극재…IRA 변동성이 '수주 릴레이' 변수로 [소부... ,0,0,0.0,0,0
2025-02-27,"""중국도 20조 넣는다""…투자확대 기대감에 로봇주 강세[핫종목] ",0,0,0.0,0,1
2025-02-27,"中 샤오펑, 플라잉카·휴머노이드 로봇 내년 출시…주가 급등 ",0,-1,-0.5,0,1
2025-02-27,"트럼프, 머스크와 모델S 시승→구매까지…""테슬라 공격시 테러로 처벌"" ",0,-1,-0.5,0,0
2025-02-27,[포착] 테슬라 판매사원?…모델별 가격 적힌 메모 들고 홍보하는 트럼프... ,0,0,0.0,0,0
2025-02-27,"이준석 ""이재명은 윤 대통령 데칼코마니"" [짤e몽땅] ",0,0,0.0,0,0
2025-02-27,"트럼프, 테슬라 타고 머스크 지원...""테슬라 공격은 테러"" ",0,-1,-0.5,0,0
2025-02-27,나스닥100 하락 속 개인 순매수 증가… 반등 기대감 작용 ,0,-1,-0.5,0,1
2025-02-27,中전기차 관세 부과에도 BYD EU서 판매 급증…테슬라는 반토막 ,0,-1,-0.5,-1,-1
2025-02-27,머스크가 6·25 참전 미군 유해 신원 확인 중단시켰다고? ,0,0,0.0,-1,-1
2025-02-27,[질문들] 테슬라향 대규모 수주?…엘앤에프 '봄날은 온다' ,0,0,0.0,1,-1
2025-02-27,"3배 테슬라 올라탄 서학개미, -76% 날벼락…""매도 못해"" 비명만 ",0,-1,-0.5,-1,-1
2025-02-27,"젝시믹스, 브랜드 창립 10주년 기념 대규모 기획전 진행 ",0,0,0.0,0,0
2025-02-27,테슬라 주가 폭락으로 190조 증발... 눈가 촉촉해져 '말잇못' 하는 일론... ,0,0,0.0,-1,-1
2025-02-27,"제네시스 'GV70' 전기차 타보니, 묵직한 '가짜 엔진음' 구현[카미경] ",0,-1,-0.5,-1,-1
2025-02-27,"코스닥...리노공업 · HPSP · 퀄리타스반도체 '껑충', 알테오젠 '뚝' ",0,-1,-0.5,0,1
2025-02-27,"루마니아 '푸틴 칭송' 극우 대선 후보 출마 금지...머스크 ""미친 짓"" ",0,0,0.0,0,0
2025-02-27,"루마니아 '푸틴 칭송' 극우 대선 후보 출마 금지...머스크 ""미친 짓"" ",0,0,0.0,0,0
2025-02-27,'KODEX 미국서학개미 ETF' 올해 수익률 '바닥권' ,0,-1,-0.5,-1,1
2025-02-27,"돌아온 外人, 코스피 '급등'...하나금융·SK하이닉스 '껑충' ",0,-1,-0.5,0,0
2025-02-27,"트럼프의 테슬라 vs 레이건의 할리 데이비슨, 무엇이 다른가? [데스크칼... ",0,0,0.0,0,0
2025-02-27,한달동안 '-30%'....손절? 저가매수? 혼돈의 서학개미 ,0,0,0.0,-1,0
2025-02-27,"머스크와 '모델S' 시승 트럼프…""테슬라 공격시 '테러'로 처벌""(종합2보... ",0,-1,-0.5,-1,0
2025-02-27,"테슬라 유럽 판매 급감 이유, 신차 출시 위해 모델 Y 생산 중단이 주요... ",0,0,0.0,-1,-1
2025-02-27,"현대차 모셔널 테슬라·구글 뒤따른다, 자율주행 기술 '엔드투엔드'로 ... ",0,-1,-0.5,0,1
2025-02-27,"`자산운용` 키우는 우리금융, 美부자 꿈꾸며 `EMP펀드` 출시 ",0,-1,-0.5,0,1
2025-02-27,"테슬라 광팬도 등 돌렸다 ""주가 곧 200달러 붕괴할 것"" ",0,0,0.0,-1,0
2025-02-26,[필동정담] NASA국장과 구로구청장 ,0,0,0.0,0,0
2025-02-26,"FT ""트럼프, 머스크와의 결별은 시간문제···곁에 두기엔 정치적 부담... ",0,-1,-0.5,-1,0
2025-02-26,"트럼프, 주가 폭락한 테슬라 시승…""머스크, 1억불 기부로 화답""(종합) ",0,-1,-0.5,-1,-1
2025-02-26,찬 바람 속 희소식 든 양극재…IRA 변동성이 '수주 릴레이' 변수로 [소부... ,0,0,0.0,0,0
2025-02-26,"""중국도 20조 넣는다""…투자확대 기대감에 로봇주 강세[핫종목] ",0,0,0.0,0,1
2025-02-26,"中 샤오펑, 플라잉카·휴머노이드 로봇 내년 출시…주가 급등 ",0,-1,-0.5,0,1
2025-02-26,"트럼프, 머스크와 모델S 시승→구매까지…""테슬라 공격시 테러로 처벌"" ",0,-1,-0.5,0,0
2025-02-26,[포착] 테슬라 판매사원?…모델별 가격 적힌 메모 들고 홍보하는 트럼프... ,0,0,0.0,0,0
2025-02-26,"이준석 ""이재명은 윤 대통령 데칼코마니"" [짤e몽땅] ",0,0,0.0,0,0
2025-02-26,"트럼프, 테슬라 타고 머스크 지원...""테슬라 공격은 테러"" ",0,-1,-0.5,0,0
2025-02-26,나스닥100 하락 속 개인 순매수 증가… 반등 기대감 작용 ,0,-1,-0.5,0,1
2025-02-26,中전기차 관세 부과에도 BYD EU서 판매 급증…테슬라는 반토막 ,0,-1,-0.5,-1,-1
2025-02-26,머스크가 6·25 참전 미군 유해 신원 확인 중단시켰다고? ,0,0,0.0,-1,-1
2025-02-26,[질문들] 테슬라향 대규모 수주?…엘앤에프 '봄날은 온다' ,0,0,0.0,1,-1
2025-02-26,"3배 테슬라 올라탄 서학개미, -76% 날벼락…""매도 못해"" 비명만 ",0,-1,-0.5,-1,-1
2025-02-26,"젝시믹스, 브랜드 창립 10주년 기념 대규모 기획전 진행 ",0,0,0.0,0,0
2025-02-26,테슬라 주가 폭락으로 190조 증발... 눈가 촉촉해져 '말잇못' 하는 일론... ,0,0,0.0,-1,-1
2025-02-26,"제네시스 'GV70' 전기차 타보니, 묵직한 '가짜 엔진음' 구현[카미경] ",0,-1,-0.5,-1,-1
2025-02-26,"코스닥...리노공업 · HPSP · 퀄리타스반도체 '껑충', 알테오젠 '뚝' ",0,-1,-0.5,0,1
2025-02-26,"밉상 된 테슬라, 국내 판매도 부진… 일각선 “신차 없는 탓” ",0,-1,-0.5,-1,-1
2025-02-26,"밉상 된 테슬라, 국내 판매도 부진… 일각선 “신차 없는 탓” ",0,-1,-0.5,-1,-1
2025-02-26,"돌아온 外人, 코스피 '급등'...하나금융·SK하이닉스 '껑충' ",0,-1,-0.5,0,0
2025-02-26,'KODEX 미국서학개미 ETF' 올해 수익률 '바닥권' ,0,-1,-0.5,-1,1
2025-02-26,"트럼프의 테슬라 vs 레이건의 할리 데이비슨, 무엇이 다른가? [데스크칼... ",0,0,0.0,0,0
2025-02-26,한달동안 '-30%'....손절? 저가매수? 혼돈의 서학개미 ,0,0,0.0,-1,0
2025-02-26,"머스크와 '모델S' 시승 트럼프…""테슬라 공격시 '테러'로 처벌""(종합2보... ",0,-1,-0.5,-1,0
2025-02-26,"테슬라 유럽 판매 급감 이유, 신차 출시 위해 모델 Y 생산 중단이 주요... ",0,0,0.0,-1,-1
2025-02-26,"`자산운용` 키우는 우리금융, 美부자 꿈꾸며 `EMP펀드` 출시 ",0,-1,-0.5,0,1
2025-02-26,"현대차 모셔널 테슬라·구글 뒤따른다, 자율주행 기술 '엔드투엔드'로 ... ",0,-1,-0.5,0,1
2025-02-26,"테슬라 광팬도 등 돌렸다 ""주가 곧 200달러 붕괴할 것"" ",0,0,0.0,-1,0
2025-02-25,[필동정담] NASA국장과 구로구청장 ,0,0,0.0,0,0
2025-02-25,"FT ""트럼프, 머스크와의 결별은 시간문제···곁에 두기엔 정치적 부담... ",0,-1,-0.5,-1,0
2025-02-25,"트럼프, 주가 폭락한 테슬라 시승…""머스크, 1억불 기부로 화답""(종합) ",0,-1,-0.5,-1,-1
2025-02-25,찬 바람 속 희소식 든 양극재…IRA 변동성이 '수주 릴레이' 변수로 [소부... ,0,0,0.0,0,0
2025-02-25,"""중국도 20조 넣는다""…투자확대 기대감에 로봇주 강세[핫종목] ",0,0,0.0,0,1
2025-02-25,"中 샤오펑, 플라잉카·휴머노이드 로봇 내년 출시…주가 급등 ",0,-1,-0.5,0,1
2025-02-25,"트럼프, 머스크와 모델S 시승→구매까지…""테슬라 공격시 테러로 처벌"" ",0,-1,-0.5,0,0
2025-02-25,[포착] 테슬라 판매사원?…모델별 가격 적힌 메모 들고 홍보하는 트럼프... ,0,0,0.0,0,0
2025-02-25,"이준석 ""이재명은 윤 대통령 데칼코마니"" [짤e몽땅] ",0,0,0.0,0,0
2025-02-25,"트럼프, 테슬라 타고 머스크 지원...""테슬라 공격은 테러"" ",0,-1,-0.5,0,0
2025-02-25,나스닥100 하락 속 개인 순매수 증가… 반등 기대감 작용 ,0,-1,-0.5,0,1
2025-02-25,中전기차 관세 부과에도 BYD EU서 판매 급증…테슬라는 반토막 ,0,-1,-0.5,-1,-1
2025-02-25,머스크가 6·25 참전 미군 유해 신원 확인 중단시켰다고? ,0,0,0.0,-1,-1
2025-02-25,[질문들] 테슬라향 대규모 수주?…엘앤에프 '봄날은 온다' ,0,0,0.0,1,-1
2025-02-25,"3배 테슬라 올라탄 서학개미, -76% 날벼락…""매도 못해"" 비명만 ",0,-1,-0.5,-1,-1
2025-02-25,"젝시믹스, 브랜드 창립 10주년 기념 대규모 기획전 진행 ",0,0,0.0,0,0
2025-02-25,테슬라 주가 폭락으로 190조 증발... 눈가 촉촉해져 '말잇못' 하는 일론... ,0,0,0.0,-1,-1
2025-02-25,"제네시스 'GV70' 전기차 타보니, 묵직한 '가짜 엔진음' 구현[카미경] ",0,-1,-0.5,-1,-1
2025-02-25,"코스닥...리노공업 · HPSP · 퀄리타스반도체 '껑충', 알테오젠 '뚝' ",0,-1,-0.5,0,1
2025-02-25,"루마니아 '푸틴 칭송' 극우 대선 후보 출마 금지...머스크 ""미친 짓"" ",0,0,0.0,0,0
2025-02-25,"밉상 된 테슬라, 국내 판매도 부진… 일각선 “신차 없는 탓” ",0,-1,-0.5,-1,-1
2025-02-25,"돌아온 外人, 코스피 '급등'...하나금융·SK하이닉스 '껑충' ",0,-1,-0.5,0,0
2025-02-25,'KODEX 미국서학개미 ETF' 올해 수익률 '바닥권' ,0,-1,-0.5,-1,1
2025-02-25,"트럼프의 테슬라 vs 레이건의 할리 데이비슨, 무엇이 다른가? [데스크칼... ",0,0,0.0,0,0
2025-02-25,한달동안 '-30%'....손절? 저가매수? 혼돈의 서학개미 ,0,0,0.0,-1,0
2025-02-25,"머스크와 '모델S' 시승 트럼프…""테슬라 공격시 '테러'로 처벌""(종합2보... ",0,-1,-0.5,-1,0
2025-02-25,"테슬라 유럽 판매 급감 이유, 신차 출시 위해 모델 Y 생산 중단이 주요... ",0,0,0.0,-1,-1
2025-02-25,"`자산운용` 키우는 우리금융, 美부자 꿈꾸며 `EMP펀드` 출시 ",0,-1,-0.5,0,1
2025-02-25,"현대차 모셔널 테슬라·구글 뒤따른다, 자율주행 기술 '엔드투엔드'로 ... ",0,-1,-0.5,0,1
2025-02-25,"테슬라 광팬도 등 돌렸다 ""주가 곧 200달러 붕괴할 것"" ",0,0,0.0,-1,0
2025-02-24,[필동정담] NASA국장과 구로구청장 ,0,0,0.0,0,0
2025-02-24,"FT ""트럼프, 머스크와의 결별은 시간문제···곁에 두기엔 정치적 부담... ",0,-1,-0.5,-1,0
2025-02-24,"트럼프, 주가 폭락한 테슬라 시승…""머스크, 1억불 기부로 화답""(종합) ",0,-1,-0.5,-1,-1
2025-02-24,찬 바람 속 희소식 든 양극재…IRA 변동성이 '수주 릴레이' 변수로 [소부... ,0,0,0.0,0,0
2025-02-24,"""중국도 20조 넣는다""…투자확대 기대감에 로봇주 강세[핫종목] ",0,0,0.0,0,1
2025-02-24,"中 샤오펑, 플라잉카·휴머노이드 로봇 내년 출시…주가 급등 ",0,-1,-0.5,0,1
2025-02-24,"트럼프, 머스크와 모델S 시승→구매까지…""테슬라 공격시 테러로 처벌"" ",0,-1,-0.5,0,0
2025-02-24,[포착] 테슬라 판매사원?…모델별 가격 적힌 메모 들고 홍보하는 트럼프... ,0,0,0.0,0,0
2025-02-24,"이준석 ""이재명은 윤 대통령 데칼코마니"" [짤e몽땅] ",0,0,0.0,0,0
2025-02-24,"트럼프, 테슬라 타고 머스크 지원...""테슬라 공격은 테러"" ",0,-1,-0.5,0,0
2025-02-24,나스닥100 하락 속 개인 순매수 증가… 반등 기대감 작용 ,0,-1,-0.5,0,1
2025-02-24,中전기차 관세 부과에도 BYD EU서 판매 급증…테슬라는 반토막 ,0,-1,-0.5,-1,-1
2025-02-24,머스크가 6·25 참전 미군 유해 신원 확인 중단시켰다고? ,0,0,0.0,-1,-1
2025-02-24,[질문들] 테슬라향 대규모 수주?…엘앤에프 '봄날은 온다' ,0,0,0.0,1,-1
2025-02-24,"3배 테슬라 올라탄 서학개미, -76% 날벼락…""매도 못해"" 비명만 ",0,-1,-0.5,-1,-1
2025-02-24,"젝시믹스, 브랜드 창립 10주년 기념 대규모 기획전 진행 ",0,0,0.0,0,0
2025-02-24,테슬라 주가 폭락으로 190조 증발... 눈가 촉촉해져 '말잇못' 하는 일론... ,0,0,0.0,-1,-1
2025-02-24,"제네시스 'GV70' 전기차 타보니, 묵직한 '가짜 엔진음' 구현[카미경] ",0,-1,-0.5,-1,-1
2025-02-24,"코스닥...리노공업 · HPSP · 퀄리타스반도체 '껑충', 알테오젠 '뚝' ",0,-1,-0.5,0,1
2025-02-24,"루마니아 '푸틴 칭송' 극우 대선 후보 출마 금지...머스크 ""미친 짓"" ",0,0,0.0,0,0
2025-02-24,"밉상 된 테슬라, 국내 판매도 부진… 일각선 “신차 없는 탓” ",0,-1,-0.5,-1,-1
2025-02-24,"돌아온 外人, 코스피 '급등'...하나금융·SK하이닉스 '껑충' ",0,-1,-0.5,0,0
2025-02-24,'KODEX 미국서학개미 ETF' 올해 수익률 '바닥권' ,0,-1,-0.5,-1,1
2025-02-24,"트럼프의 테슬라 vs 레이건의 할리 데이비슨, 무엇이 다른가? [데스크칼... ",0,0,0.0,0,0
2025-02-24,한달동안 '-30%'....손절? 저가매수? 혼돈의 서학개미 ,0,0,0.0,-1,0
2025-02-24,"머스크와 '모델S' 시승 트럼프…""테슬라 공격시 '테러'로 처벌""(종합2보... ",0,-1,-0.5,-1,0
2025-02-24,"테슬라 유럽 판매 급감 이유, 신차 출시 위해 모델 Y 생산 중단이 주요... ",0,0,0.0,-1,-1
2025-02-24,"`자산운용` 키우는 우리금융, 美부자 꿈꾸며 `EMP펀드` 출시 ",0,-1,-0.5,0,1
2025-02-24,"현대차 모셔널 테슬라·구글 뒤따른다, 자율주행 기술 '엔드투엔드'로 ... ",0,-1,-0.5,0,1
2025-02-24,"테슬라 광팬도 등 돌렸다 ""주가 곧 200달러 붕괴할 것"" ",0,0,0.0,-1,0
2025-02-23,[필동정담] NASA국장과 구로구청장 ,0,0,0.0,0,0
2025-02-23,"FT ""트럼프, 머스크와의 결별은 시간문제···곁에 두기엔 정치적 부담... ",0,-1,-0.5,-1,0
2025-02-23,"트럼프, 주가 폭락한 테슬라 시승…""머스크, 1억불 기부로 화답""(종합) ",0,-1,-0.5,-1,-1
2025-02-23,찬 바람 속 희소식 든 양극재…IRA 변동성이 '수주 릴레이' 변수로 [소부... ,0,0,0.0,0,0
2025-02-23,"""중국도 20조 넣는다""…투자확대 기대감에 로봇주 강세[핫종목] ",0,0,0.0,0,1
2025-02-23,"中 샤오펑, 플라잉카·휴머노이드 로봇 내년 출시…주가 급등 ",0,-1,-0.5,0,1
2025-02-23,"트럼프, 머스크와 모델S 시승→구매까지…""테슬라 공격시 테러로 처벌"" ",0,-1,-0.5,0,0
2025-02-23,[포착] 테슬라 판매사원?…모델별 가격 적힌 메모 들고 홍보하는 트럼프... ,0,0,0.0,0,0
2025-02-23,"이준석 ""이재명은 윤 대통령 데칼코마니"" [짤e몽땅] ",0,0,0.0,0,0
2025-02-23,"트럼프, 테슬라 타고 머스크 지원...""테슬라 공격은 테러"" ",0,-1,-0.5,0,0
2025-02-23,中전기차 관세 부과에도 BYD EU서 판매 급증…테슬라는 반토막 ,0,-1,-0.5,-1,-1
2025-02-23,나스닥100 하락 속 개인 순매수 증가… 반등 기대감 작용 ,0,-1,-0.5,0,1
2025-02-23,머스크가 6·25 참전 미군 유해 신원 확인 중단시켰다고? ,0,0,0.0,-1,-1
2025-02-23,[질문들] 테슬라향 대규모 수주?…엘앤에프 '봄날은 온다' ,0,0,0.0,1,-1
2025-02-23,"3배 테슬라 올라탄 서학개미, -76% 날벼락…""매도 못해"" 비명만 ",0,-1,-0.5,-1,-1
2025-02-23,"젝시믹스, 브랜드 창립 10주년 기념 대규모 기획전 진행 ",0,0,0.0,0,0
2025-02-23,테슬라 주가 폭락으로 190조 증발... 눈가 촉촉해져 '말잇못' 하는 일론... ,0,0,0.0,-1,-1
2025-02-23,"제네시스 'GV70' 전기차 타보니, 묵직한 '가짜 엔진음' 구현[카미경] ",0,-1,-0.5,-1,-1
2025-02-23,"코스닥...리노공업 · HPSP · 퀄리타스반도체 '껑충', 알테오젠 '뚝' ",0,-1,-0.5,0,1
2025-02-23,"밉상 된 테슬라, 국내 판매도 부진… 일각선 “신차 없는 탓” ",0,-1,-0.5,-1,-1
2025-02-23,"밉상 된 테슬라, 국내 판매도 부진… 일각선 “신차 없는 탓” ",0,-1,-0.5,-1,-1
2025-02-23,"돌아온 外人, 코스피 '급등'...하나금융·SK하이닉스 '껑충' ",0,-1,-0.5,0,0
2025-02-23,'KODEX 미국서학개미 ETF' 올해 수익률 '바닥권' ,0,-1,-0.5,-1,1
2025-02-23,"트럼프의 테슬라 vs 레이건의 할리 데이비슨, 무엇이 다른가? [데스크칼... ",0,0,0.0,0,0
2025-02-23,한달동안 '-30%'....손절? 저가매수? 혼돈의 서학개미 ,0,0,0.0,-1,0
2025-02-23,"머스크와 '모델S' 시승 트럼프…""테슬라 공격시 '테러'로 처벌""(종합2보... ",0,-1,-0.5,-1,0
2025-02-23,"테슬라 유럽 판매 급감 이유, 신차 출시 위해 모델 Y 생산 중단이 주요... ",0,0,0.0,-1,-1
2025-02-23,"`자산운용` 키우는 우리금융, 美부자 꿈꾸며 `EMP펀드` 출시 ",0,-1,-0.5,0,1
2025-02-23,"현대차 모셔널 테슬라·구글 뒤따른다, 자율주행 기술 '엔드투엔드'로 ... ",0,-1,-0.5,0,1
2025-02-23,"테슬라 광팬도 등 돌렸다 ""주가 곧 200달러 붕괴할 것"" ",0,0,0.0,-1,0
2025-02-22,[필동정담] NASA국장과 구로구청장 ,0,0,0.0,0,0
2025-02-22,"FT ""트럼프, 머스크와의 결별은 시간문제···곁에 두기엔 정치적 부담... ",0,-1,-0.5,-1,0
2025-02-22,"트럼프, 주가 폭락한 테슬라 시승…""머스크, 1억불 기부로 화답""(종합) ",0,-1,-0.5,-1,-1
2025-02-22,찬 바람 속 희소식 든 양극재…IRA 변동성이 '수주 릴레이' 변수로 [소부... ,0,0,0.0,0,0
2025-02-22,"""중국도 20조 넣는다""…투자확대 기대감에 로봇주 강세[핫종목] ",0,0,0.0,0,1
2025-02-22,"中 샤오펑, 플라잉카·휴머노이드 로봇 내년 출시…주가 급등 ",0,-1,-0.5,0,1
2025-02-22,"트럼프, 머스크와 모델S 시승→구매까지…""테슬라 공격시 테러로 처벌"" ",0,-1,-0.5,0,0
2025-02-22,[포착] 테슬라 판매사원?…모델별 가격 적힌 메모 들고 홍보하는 트럼프... ,0,0,0.0,0,0
2025-02-22,"이준석 ""이재명은 윤 대통령 데칼코마니"" [짤e몽땅] ",0,0,0.0,0,0
2025-02-22,"트럼프, 테슬라 타고 머스크 지원...""테슬라 공격은 테러"" ",0,-1,-0.5,0,0
2025-02-22,나스닥100 하락 속 개인 순매수 증가… 반등 기대감 작용 ,0,-1,-0.5,0,1
2025-02-22,中전기차 관세 부과에도 BYD EU서 판매 급증…테슬라는 반토막 ,0,-1,-0.5,-1,-1
2025-02-22,머스크가 6·25 참전 미군 유해 신원 확인 중단시켰다고? ,0,0,0.0,-1,-1
2025-02-22,[질문들] 테슬라향 대규모 수주?…엘앤에프 '봄날은 온다' ,0,0,0.0,1,-1
2025-02-22,"3배 테슬라 올라탄 서학개미, -76% 날벼락…""매도 못해"" 비명만 ",0,-1,-0.5,-1,-1
2025-02-22,"젝시믹스, 브랜드 창립 10주년 기념 대규모 기획전 진행 ",0,0,0.0,0,0
2025-02-22,테슬라 주가 폭락으로 190조 증발... 눈가 촉촉해져 '말잇못' 하는 일론... ,0,0,0.0,-1,-1
2025-02-22,"제네시스 'GV70' 전기차 타보니, 묵직한 '가짜 엔진음' 구현[카미경] ",0,-1,-0.5,-1,-1
2025-02-22,"코스닥...리노공업 · HPSP · 퀄리타스반도체 '껑충', 알테오젠 '뚝' ",0,-1,-0.5,0,1
2025-02-22,"밉상 된 테슬라, 국내 판매도 부진… 일각선 “신차 없는 탓” ",0,-1,-0.5,-1,-1
2025-02-22,"루마니아 '푸틴 칭송' 극우 대선 후보 출마 금지...머스크 ""미친 짓"" ",0,0,0.0,0,0
2025-02-22,"돌아온 外人, 코스피 '급등'...하나금융·SK하이닉스 '껑충' ",0,-1,-0.5,0,0
2025-02-22,'KODEX 미국서학개미 ETF' 올해 수익률 '바닥권' ,0,-1,-0.5,-1,1
2025-02-22,"트럼프의 테슬라 vs 레이건의 할리 데이비슨, 무엇이 다른가? [데스크칼... ",0,0,0.0,0,0
2025-02-22,한달동안 '-30%'....손절? 저가매수? 혼돈의 서학개미 ,0,0,0.0,-1,0
2025-02-22,"머스크와 '모델S' 시승 트럼프…""테슬라 공격시 '테러'로 처벌""(종합2보... ",0,-1,-0.5,-1,0
2025-02-22,"테슬라 유럽 판매 급감 이유, 신차 출시 위해 모델 Y 생산 중단이 주요... ",0,0,0.0,-1,-1
2025-02-22,"`자산운용` 키우는 우리금융, 美부자 꿈꾸며 `EMP펀드` 출시 ",0,-1,-0.5,0,1
2025-02-22,"현대차 모셔널 테슬라·구글 뒤따른다, 자율주행 기술 '엔드투엔드'로 ... ",0,-1,-0.5,0,1
2025-02-22,"테슬라 광팬도 등 돌렸다 ""주가 곧 200달러 붕괴할 것"" ",0,0,0.0,-1,0
2025-02-21,[필동정담] NASA국장과 구로구청장 ,0,0,0.0,0,0
2025-02-21,"FT ""트럼프, 머스크와의 결별은 시간문제···곁에 두기엔 정치적 부담... ",0,-1,-0.5,-1,0
2025-02-21,"트럼프, 주가 폭락한 테슬라 시승…""머스크, 1억불 기부로 화답""(종합) ",0,-1,-0.5,-1,-1
2025-02-21,찬 바람 속 희소식 든 양극재…IRA 변동성이 '수주 릴레이' 변수로 [소부... ,0,0,0.0,0,0
2025-02-21,"""중국도 20조 넣는다""…투자확대 기대감에 로봇주 강세[핫종목] ",0,0,0.0,0,1
2025-02-21,"中 샤오펑, 플라잉카·휴머노이드 로봇 내년 출시…주가 급등 ",0,-1,-0.5,0,1
2025-02-21,[포착] 테슬라 판매사원?…모델별 가격 적힌 메모 들고 홍보하는 트럼프... ,0,0,0.0,0,0
2025-02-21,"트럼프, 머스크와 모델S 시승→구매까지…""테슬라 공격시 테러로 처벌"" ",0,-1,-0.5,0,0
2025-02-21,"이준석 ""이재명은 윤 대통령 데칼코마니"" [짤e몽땅] ",0,0,0.0,0,0
2025-02-21,"트럼프, 테슬라 타고 머스크 지원...""테슬라 공격은 테러"" ",0,-1,-0.5,0,0
2025-02-21,中전기차 관세 부과에도 BYD EU서 판매 급증…테슬라는 반토막 ,0,-1,-0.5,-1,-1
2025-02-21,나스닥100 하락 속 개인 순매수 증가… 반등 기대감 작용 ,0,-1,-0.5,0,1
2025-02-21,머스크가 6·25 참전 미군 유해 신원 확인 중단시켰다고? ,0,0,0.0,-1,-1
2025-02-21,[질문들] 테슬라향 대규모 수주?…엘앤에프 '봄날은 온다' ,0,0,0.0,1,-1
2025-02-21,"3배 테슬라 올라탄 서학개미, -76% 날벼락…""매도 못해"" 비명만 ",0,-1,-0.5,-1,-1
2025-02-21,"젝시믹스, 브랜드 창립 10주년 기념 대규모 기획전 진행 ",0,0,0.0,0,0
2025-02-21,테슬라 주가 폭락으로 190조 증발... 눈가 촉촉해져 '말잇못' 하는 일론... ,0,0,0.0,-1,-1
2025-02-21,"제네시스 'GV70' 전기차 타보니, 묵직한 '가짜 엔진음' 구현[카미경] ",0,-1,-0.5,-1,-1
2025-02-21,"코스닥...리노공업 · HPSP · 퀄리타스반도체 '껑충', 알테오젠 '뚝' ",0,-1,-0.5,0,1
2025-02-21,"루마니아 '푸틴 칭송' 극우 대선 후보 출마 금지...머스크 ""미친 짓"" ",0,0,0.0,0,0
2025-02-21,"루마니아 '푸틴 칭송' 극우 대선 후보 출마 금지...머스크 ""미친 짓"" ",0,0,0.0,0,0
2025-02-21,"돌아온 外人, 코스피 '급등'...하나금융·SK하이닉스 '껑충' ",0,-1,-0.5,0,0
2025-02-21,'KODEX 미국서학개미 ETF' 올해 수익률 '바닥권' ,0,-1,-0.5,-1,1
2025-02-21,"트럼프의 테슬라 vs 레이건의 할리 데이비슨, 무엇이 다른가? [데스크칼... ",0,0,0.0,0,0
2025-02-21,한달동안 '-30%'....손절? 저가매수? 혼돈의 서학개미 ,0,0,0.0,-1,0
2025-02-21,"머스크와 '모델S' 시승 트럼프…""테슬라 공격시 '테러'로 처벌""(종합2보... ",0,-1,-0.5,-1,0
2025-02-21,"테슬라 유럽 판매 급감 이유, 신차 출시 위해 모델 Y 생산 중단이 주요... ",0,0,0.0,-1,-1
2025-02-21,"`자산운용` 키우는 우리금융, 美부자 꿈꾸며 `EMP펀드` 출시 ",0,-1,-0.5,0,1
2025-02-21,"현대차 모셔널 테슬라·구글 뒤따른다, 자율주행 기술 '엔드투엔드'로 ... ",0,-1,-0.5,0,1
2025-02-21,"테슬라 광팬도 등 돌렸다 ""주가 곧 200달러 붕괴할 것"" ",0,0,0.0,-1,0
2025-02-20,[필동정담] NASA국장과 구로구청장 ,0,0,0.0,0,0
2025-02-20,"FT ""트럼프, 머스크와의 결별은 시간문제···곁에 두기엔 정치적 부담... ",0,-1,-0.5,-1,0
2025-02-20,"트럼프, 주가 폭락한 테슬라 시승…""머스크, 1억불 기부로 화답""(종합) ",0,-1,-0.5,-1,-1
2025-02-20,찬 바람 속 희소식 든 양극재…IRA 변동성이 '수주 릴레이' 변수로 [소부... ,0,0,0.0,0,0
2025-02-20,"""중국도 20조 넣는다""…투자확대 기대감에 로봇주 강세[핫종목] ",0,0,0.0,0,1
2025-02-20,"中 샤오펑, 플라잉카·휴머노이드 로봇 내년 출시…주가 급등 ",0,-1,-0.5,0,1
2025-02-20,[포착] 테슬라 판매사원?…모델별 가격 적힌 메모 들고 홍보하는 트럼프... ,0,0,0.0,0,0
2025-02-20,"트럼프, 머스크와 모델S 시승→구매까지…""테슬라 공격시 테러로 처벌"" ",0,-1,-0.5,0,0
2025-02-20,"이준석 ""이재명은 윤 대통령 데칼코마니"" [짤e몽땅] ",0,0,0.0,0,0
2025-02-20,"트럼프, 테슬라 타고 머스크 지원...""테슬라 공격은 테러"" ",0,-1,-0.5,0,0
2025-02-20,中전기차 관세 부과에도 BYD EU서 판매 급증…테슬라는 반토막 ,0,-1,-0.5,-1,-1
2025-02-20,나스닥100 하락 속 개인 순매수 증가… 반등 기대감 작용 ,0,-1,-0.5,0,1
2025-02-20,머스크가 6·25 참전 미군 유해 신원 확인 중단시켰다고? ,0,0,0.0,-1,-1
2025-02-20,[질문들] 테슬라향 대규모 수주?…엘앤에프 '봄날은 온다' ,0,0,0.0,1,-1
2025-02-20,"3배 테슬라 올라탄 서학개미, -76% 날벼락…""매도 못해"" 비명만 ",0,-1,-0.5,-1,-1
2025-02-20,"젝시믹스, 브랜드 창립 10주년 기념 대규모 기획전 진행 ",0,0,0.0,0,0
2025-02-20,테슬라 주가 폭락으로 190조 증발... 눈가 촉촉해져 '말잇못' 하는 일론... ,0,0,0.0,-1,-1
2025-02-20,"제네시스 'GV70' 전기차 타보니, 묵직한 '가짜 엔진음' 구현[카미경] ",0,-1,-0.5,-1,-1
2025-02-20,"코스닥...리노공업 · HPSP · 퀄리타스반도체 '껑충', 알테오젠 '뚝' ",0,-1,-0.5,0,1
2025-02-20,"루마니아 '푸틴 칭송' 극우 대선 후보 출마 금지...머스크 ""미친 짓"" ",0,0,0.0,0,0
2025-02-20,"루마니아 '푸틴 칭송' 극우 대선 후보 출마 금지...머스크 ""미친 짓"" ",0,0,0.0,0,0
2025-02-20,"돌아온 外人, 코스피 '급등'...하나금융·SK하이닉스 '껑충' ",0,-1,-0.5,0,0
2025-02-20,'KODEX 미국서학개미 ETF' 올해 수익률 '바닥권' ,0,-1,-0.5,-1,1
2025-02-20,"트럼프의 테슬라 vs 레이건의 할리 데이비슨, 무엇이 다른가? [데스크칼... ",0,0,0.0,0,0
2025-02-20,한달동안 '-30%'....손절? 저가매수? 혼돈의 서학개미 ,0,0,0.0,-1,0
2025-02-20,"머스크와 '모델S' 시승 트럼프…""테슬라 공격시 '테러'로 처벌""(종합2보... ",0,-1,-0.5,-1,0
2025-02-20,"테슬라 유럽 판매 급감 이유, 신차 출시 위해 모델 Y 생산 중단이 주요... ",0,0,0.0,-1,-1
2025-02-20,"`자산운용` 키우는 우리금융, 美부자 꿈꾸며 `EMP펀드` 출시 ",0,-1,-0.5,0,1
2025-02-20,"현대차 모셔널 테슬라·구글 뒤따른다, 자율주행 기술 '엔드투엔드'로 ... ",0,-1,-0.5,0,1
2025-02-20,"테슬라 광팬도 등 돌렸다 ""주가 곧 200달러 붕괴할 것"" ",0,0,0.0,-1,0
2025-02-19,[필동정담] NASA국장과 구로구청장 ,0,0,0.0,0,0
2025-02-19,"FT ""트럼프, 머스크와의 결별은 시간문제···곁에 두기엔 정치적 부담... ",0,-1,-0.5,-1,0
2025-02-19,"트럼프, 주가 폭락한 테슬라 시승…""머스크, 1억불 기부로 화답""(종합) ",0,-1,-0.5,-1,-1
2025-02-19,찬 바람 속 희소식 든 양극재…IRA 변동성이 '수주 릴레이' 변수로 [소부... ,0,0,0.0,0,0
2025-02-19,"""중국도 20조 넣는다""…투자확대 기대감에 로봇주 강세[핫종목] ",0,0,0.0,0,1
2025-02-19,"中 샤오펑, 플라잉카·휴머노이드 로봇 내년 출시…주가 급등 ",0,-1,-0.5,0,1
2025-02-19,[포착] 테슬라 판매사원?…모델별 가격 적힌 메모 들고 홍보하는 트럼프... ,0,0,0.0,0,0
2025-02-19,"트럼프, 머스크와 모델S 시승→구매까지…""테슬라 공격시 테러로 처벌"" ",0,-1,-0.5,0,0
2025-02-19,"이준석 ""이재명은 윤 대통령 데칼코마니"" [짤e몽땅] ",0,0,0.0,0,0
2025-02-19,"트럼프, 테슬라 타고 머스크 지원...""테슬라 공격은 테러"" ",0,-1,-0.5,0,0
2025-02-19,나스닥100 하락 속 개인 순매수 증가… 반등 기대감 작용 ,0,-1,-0.5,0,1
2025-02-19,中전기차 관세 부과에도 BYD EU서 판매 급증…테슬라는 반토막 ,0,-1,-0.5,-1,-1
2025-02-19,머스크가 6·25 참전 미군 유해 신원 확인 중단시켰다고? ,0,0,0.0,-1,-1
2025-02-19,[질문들] 테슬라향 대규모 수주?…엘앤에프 '봄날은 온다' ,0,0,0.0,1,-1
2025-02-19,"3배 테슬라 올라탄 서학개미, -76% 날벼락…""매도 못해"" 비명만 ",0,-1,-0.5,-1,-1
2025-02-19,"젝시믹스, 브랜드 창립 10주년 기념 대규모 기획전 진행 ",0,0,0.0,0,0
2025-02-19,테슬라 주가 폭락으로 190조 증발... 눈가 촉촉해져 '말잇못' 하는 일론... ,0,0,0.0,-1,-1
2025-02-19,"제네시스 'GV70' 전기차 타보니, 묵직한 '가짜 엔진음' 구현[카미경] ",0,-1,-0.5,-1,-1
2025-02-19,"코스닥...리노공업 · HPSP · 퀄리타스반도체 '껑충', 알테오젠 '뚝' ",0,-1,-0.5,0,1
2025-02-19,"루마니아 '푸틴 칭송' 극우 대선 후보 출마 금지...머스크 ""미친 짓"" ",0,0,0.0,0,0
2025-02-19,"루마니아 '푸틴 칭송' 극우 대선 후보 출마 금지...머스크 ""미친 짓"" ",0,0,0.0,0,0
2025-02-19,"돌아온 外人, 코스피 '급등'...하나금융·SK하이닉스 '껑충' ",0,-1,-0.5,0,0
2025-02-19,'KODEX 미국서학개미 ETF' 올해 수익률 '바닥권' ,0,-1,-0.5,-1,1
2025-02-19,"트럼프의 테슬라 vs 레이건의 할리 데이비슨, 무엇이 다른가? [데스크칼... ",0,0,0.0,0,0
2025-02-19,한달동안 '-30%'....손절? 저가매수? 혼돈의 서학개미 ,0,0,0.0,-1,0
2025-02-19,"머스크와 '모델S' 시승 트럼프…""테슬라 공격시 '테러'로 처벌""(종합2보... ",0,-1,-0.5,-1,0
2025-02-19,"테슬라 유럽 판매 급감 이유, 신차 출시 위해 모델 Y 생산 중단이 주요... ",0,0,0.0,-1,-1
2025-02-19,"`자산운용` 키우는 우리금융, 美부자 꿈꾸며 `EMP펀드` 출시 ",0,-1,-0.5,0,1
2025-02-19,"현대차 모셔널 테슬라·구글 뒤따른다, 자율주행 기술 '엔드투엔드'로 ... ",0,-1,-0.5,0,1
2025-02-19,"테슬라 광팬도 등 돌렸다 ""주가 곧 200달러 붕괴할 것"" ",0,0,0.0,-1,0
2025-02-18,[필동정담] NASA국장과 구로구청장 ,0,0,0.0,0,0
2025-02-18,"FT ""트럼프, 머스크와의 결별은 시간문제···곁에 두기엔 정치적 부담... ",0,-1,-0.5,-1,0
2025-02-18,"트럼프, 주가 폭락한 테슬라 시승…""머스크, 1억불 기부로 화답""(종합) ",0,-1,-0.5,-1,-1
2025-02-18,찬 바람 속 희소식 든 양극재…IRA 변동성이 '수주 릴레이' 변수로 [소부... ,0,0,0.0,0,0
2025-02-18,"""중국도 20조 넣는다""…투자확대 기대감에 로봇주 강세[핫종목] ",0,0,0.0,0,1
2025-02-18,"中 샤오펑, 플라잉카·휴머노이드 로봇 내년 출시…주가 급등 ",0,-1,-0.5,0,1
2025-02-18,[포착] 테슬라 판매사원?…모델별 가격 적힌 메모 들고 홍보하는 트럼프... ,0,0,0.0,0,0
2025-02-18,"트럼프, 머스크와 모델S 시승→구매까지…""테슬라 공격시 테러로 처벌"" ",0,-1,-0.5,0,0
2025-02-18,"이준석 ""이재명은 윤 대통령 데칼코마니"" [짤e몽땅] ",0,0,0.0,0,0
2025-02-18,"트럼프, 테슬라 타고 머스크 지원...""테슬라 공격은 테러"" ",0,-1,-0.5,0,0
2025-02-18,中전기차 관세 부과에도 BYD EU서 판매 급증…테슬라는 반토막 ,0,-1,-0.5,-1,-1
2025-02-18,나스닥100 하락 속 개인 순매수 증가… 반등 기대감 작용 ,0,-1,-0.5,0,1
2025-02-18,머스크가 6·25 참전 미군 유해 신원 확인 중단시켰다고? ,0,0,0.0,-1,-1
2025-02-18,[질문들] 테슬라향 대규모 수주?…엘앤에프 '봄날은 온다' ,0,0,0.0,1,-1
2025-02-18,"3배 테슬라 올라탄 서학개미, -76% 날벼락…""매도 못해"" 비명만 ",0,-1,-0.5,-1,-1
2025-02-18,"젝시믹스, 브랜드 창립 10주년 기념 대규모 기획전 진행 ",0,0,0.0,0,0
2025-02-18,테슬라 주가 폭락으로 190조 증발... 눈가 촉촉해져 '말잇못' 하는 일론... ,0,0,0.0,-1,-1
2025-02-18,"제네시스 'GV70' 전기차 타보니, 묵직한 '가짜 엔진음' 구현[카미경] ",0,-1,-0.5,-1,-1
2025-02-18,"코스닥...리노공업 · HPSP · 퀄리타스반도체 '껑충', 알테오젠 '뚝' ",0,-1,-0.5,0,1
2025-02-18,"루마니아 '푸틴 칭송' 극우 대선 후보 출마 금지...머스크 ""미친 짓"" ",0,0,0.0,0,0
2025-02-18,"밉상 된 테슬라, 국내 판매도 부진… 일각선 “신차 없는 탓” ",0,-1,-0.5,-1,-1
2025-02-18,"돌아온 外人, 코스피 '급등'...하나금융·SK하이닉스 '껑충' ",0,-1,-0.5,0,0
2025-02-18,'KODEX 미국서학개미 ETF' 올해 수익률 '바닥권' ,0,-1,-0.5,-1,1
2025-02-18,"트럼프의 테슬라 vs 레이건의 할리 데이비슨, 무엇이 다른가? [데스크칼... ",0,0,0.0,0,0
2025-02-18,한달동안 '-30%'....손절? 저가매수? 혼돈의 서학개미 ,0,0,0.0,-1,0
2025-02-18,"머스크와 '모델S' 시승 트럼프…""테슬라 공격시 '테러'로 처벌""(종합2보... ",0,-1,-0.5,-1,0
2025-02-18,"테슬라 유럽 판매 급감 이유, 신차 출시 위해 모델 Y 생산 중단이 주요... ",0,0,0.0,-1,-1
2025-02-18,"`자산운용` 키우는 우리금융, 美부자 꿈꾸며 `EMP펀드` 출시 ",0,-1,-0.5,0,1
2025-02-18,"현대차 모셔널 테슬라·구글 뒤따른다, 자율주행 기술 '엔드투엔드'로 ... ",0,-1,-0.5,0,1
2025-02-18,"테슬라 광팬도 등 돌렸다 ""주가 곧 200달러 붕괴할 것"" ",0,0,0.0,-1,0
2025-02-17,[필동정담] NASA국장과 구로구청장 ,0,0,0.0,0,0
2025-02-17,"FT ""트럼프, 머스크와의 결별은 시간문제···곁에 두기엔 정치적 부담... ",0,-1,-0.5,-1,0
2025-02-17,"트럼프, 주가 폭락한 테슬라 시승…""머스크, 1억불 기부로 화답""(종합) ",0,-1,-0.5,-1,-1
2025-02-17,찬 바람 속 희소식 든 양극재…IRA 변동성이 '수주 릴레이' 변수로 [소부... ,0,0,0.0,0,0
2025-02-17,"""중국도 20조 넣는다""…투자확대 기대감에 로봇주 강세[핫종목] ",0,0,0.0,0,1
2025-02-17,"中 샤오펑, 플라잉카·휴머노이드 로봇 내년 출시…주가 급등 ",0,-1,-0.5,0,1
2025-02-17,[포착] 테슬라 판매사원?…모델별 가격 적힌 메모 들고 홍보하는 트럼프... ,0,0,0.0,0,0
2025-02-17,"트럼프, 머스크와 모델S 시승→구매까지…""테슬라 공격시 테러로 처벌"" ",0,-1,-0.5,0,0
2025-02-17,"이준석 ""이재명은 윤 대통령 데칼코마니"" [짤e몽땅] ",0,0,0.0,0,0
2025-02-17,"트럼프, 테슬라 타고 머스크 지원...""테슬라 공격은 테러"" ",0,-1,-0.5,0,0
2025-02-17,나스닥100 하락 속 개인 순매수 증가… 반등 기대감 작용 ,0,-1,-0.5,0,1
2025-02-17,中전기차 관세 부과에도 BYD EU서 판매 급증…테슬라는 반토막 ,0,-1,-0.5,-1,-1
2025-02-17,머스크가 6·25 참전 미군 유해 신원 확인 중단시켰다고? ,0,0,0.0,-1,-1
2025-02-17,[질문들] 테슬라향 대규모 수주?…엘앤에프 '봄날은 온다' ,0,0,0.0,1,-1
2025-02-17,"3배 테슬라 올라탄 서학개미, -76% 날벼락…""매도 못해"" 비명만 ",0,-1,-0.5,-1,-1
2025-02-17,"젝시믹스, 브랜드 창립 10주년 기념 대규모 기획전 진행 ",0,0,0.0,0,0
2025-02-17,테슬라 주가 폭락으로 190조 증발... 눈가 촉촉해져 '말잇못' 하는 일론... ,0,0,0.0,-1,-1
2025-02-17,"제네시스 'GV70' 전기차 타보니, 묵직한 '가짜 엔진음' 구현[카미경] ",0,-1,-0.5,-1,-1
2025-02-17,"코스닥...리노공업 · HPSP · 퀄리타스반도체 '껑충', 알테오젠 '뚝' ",0,-1,-0.5,0,1
2025-02-17,"밉상 된 테슬라, 국내 판매도 부진… 일각선 “신차 없는 탓” ",0,-1,-0.5,-1,-1
2025-02-17,"루마니아 '푸틴 칭송' 극우 대선 후보 출마 금지...머스크 ""미친 짓"" ",0,0,0.0,0,0
2025-02-17,'KODEX 미국서학개미 ETF' 올해 수익률 '바닥권' ,0,-1,-0.5,-1,1
2025-02-17,"돌아온 外人, 코스피 '급등'...하나금융·SK하이닉스 '껑충' ",0,-1,-0.5,0,0
2025-02-17,"트럼프의 테슬라 vs 레이건의 할리 데이비슨, 무엇이 다른가? [데스크칼... ",0,0,0.0,0,0
2025-02-17,한달동안 '-30%'....손절? 저가매수? 혼돈의 서학개미 ,0,0,0.0,-1,0
2025-02-17,"머스크와 '모델S' 시승 트럼프…""테슬라 공격시 '테러'로 처벌""(종합2보... ",0,-1,-0.5,-1,0
2025-02-17,"테슬라 유럽 판매 급감 이유, 신차 출시 위해 모델 Y 생산 중단이 주요... ",0,0,0.0,-1,-1
2025-02-17,"현대차 모셔널 테슬라·구글 뒤따른다, 자율주행 기술 '엔드투엔드'로 ... ",0,-1,-0.5,0,1
2025-02-17,"`자산운용` 키우는 우리금융, 美부자 꿈꾸며 `EMP펀드` 출시 ",0,-1,-0.5,0,1
2025-02-17,"테슬라 광팬도 등 돌렸다 ""주가 곧 200달러 붕괴할 것"" ",0,0,0.0,-1,0
2025-02-16,[필동정담] NASA국장과 구로구청장 ,0,0,0.0,0,0
2025-02-16,"FT ""트럼프, 머스크와의 결별은 시간문제···곁에 두기엔 정치적 부담... ",0,-1,-0.5,-1,0
2025-02-16,"트럼프, 주가 폭락한 테슬라 시승…""머스크, 1억불 기부로 화답""(종합) ",0,-1,-0.5,-1,-1
2025-02-16,찬 바람 속 희소식 든 양극재…IRA 변동성이 '수주 릴레이' 변수로 [소부... ,0,0,0.0,0,0
2025-02-16,"""중국도 20조 넣는다""…투자확대 기대감에 로봇주 강세[핫종목] ",0,0,0.0,0,1
2025-02-16,"中 샤오펑, 플라잉카·휴머노이드 로봇 내년 출시…주가 급등 ",0,-1,-0.5,0,1
2025-02-16,"트럼프, 머스크와 모델S 시승→구매까지…""테슬라 공격시 테러로 처벌"" ",0,-1,-0.5,0,0
2025-02-16,[포착] 테슬라 판매사원?…모델별 가격 적힌 메모 들고 홍보하는 트럼프... ,0,0,0.0,0,0
2025-02-16,"이준석 ""이재명은 윤 대통령 데칼코마니"" [짤e몽땅] ",0,0,0.0,0,0
2025-02-16,"트럼프, 테슬라 타고 머스크 지원...""테슬라 공격은 테러"" ",0,-1,-0.5,0,0
2025-02-16,中전기차 관세 부과에도 BYD EU서 판매 급증…테슬라는 반토막 ,0,-1,-0.5,-1,-1
2025-02-16,나스닥100 하락 속 개인 순매수 증가… 반등 기대감 작용 ,0,-1,-0.5,0,1
2025-02-16,머스크가 6·25 참전 미군 유해 신원 확인 중단시켰다고? ,0,0,0.0,-1,-1
2025-02-16,[질문들] 테슬라향 대규모 수주?…엘앤에프 '봄날은 온다' ,0,0,0.0,1,-1
2025-02-16,"3배 테슬라 올라탄 서학개미, -76% 날벼락…""매도 못해"" 비명만 ",0,-1,-0.5,-1,-1
2025-02-16,"젝시믹스, 브랜드 창립 10주년 기념 대규모 기획전 진행 ",0,0,0.0,0,0
2025-02-16,테슬라 주가 폭락으로 190조 증발... 눈가 촉촉해져 '말잇못' 하는 일론... ,0,0,0.0,-1,-1
2025-02-16,"제네시스 'GV70' 전기차 타보니, 묵직한 '가짜 엔진음' 구현[카미경] ",0,-1,-0.5,-1,-1
2025-02-16,"코스닥...리노공업 · HPSP · 퀄리타스반도체 '껑충', 알테오젠 '뚝' ",0,-1,-0.5,0,1
2025-02-16,"밉상 된 테슬라, 국내 판매도 부진… 일각선 “신차 없는 탓” ",0,-1,-0.5,-1,-1
2025-02-16,"루마니아 '푸틴 칭송' 극우 대선 후보 출마 금지...머스크 ""미친 짓"" ",0,0,0.0,0,0
2025-02-16,"돌아온 外人, 코스피 '급등'...하나금융·SK하이닉스 '껑충' ",0,-1,-0.5,0,0
2025-02-16,'KODEX 미국서학개미 ETF' 올해 수익률 '바닥권' ,0,-1,-0.5,-1,1
2025-02-16,"트럼프의 테슬라 vs 레이건의 할리 데이비슨, 무엇이 다른가? [데스크칼... ",0,0,0.0,0,0
2025-02-16,한달동안 '-30%'....손절? 저가매수? 혼돈의 서학개미 ,0,0,0.0,-1,0
2025-02-16,"머스크와 '모델S' 시승 트럼프…""테슬라 공격시 '테러'로 처벌""(종합2보... ",0,-1,-0.5,-1,0
2025-02-16,"테슬라 유럽 판매 급감 이유, 신차 출시 위해 모델 Y 생산 중단이 주요... ",0,0,0.0,-1,-1
2025-02-16,"`자산운용` 키우는 우리금융, 美부자 꿈꾸며 `EMP펀드` 출시 ",0,-1,-0.5,0,1
2025-02-16,"현대차 모셔널 테슬라·구글 뒤따른다, 자율주행 기술 '엔드투엔드'로 ... ",0,-1,-0.5,0,1
2025-02-16,"테슬라 광팬도 등 돌렸다 ""주가 곧 200달러 붕괴할 것"" ",0,0,0.0,-1,0
2025-02-15,[필동정담] NASA국장과 구로구청장 ,0,0,0.0,0,0
2025-02-15,"FT ""트럼프, 머스크와의 결별은 시간문제···곁에 두기엔 정치적 부담... ",0,-1,-0.5,-1,0
2025-02-15,"트럼프, 주가 폭락한 테슬라 시승…""머스크, 1억불 기부로 화답""(종합) ",0,-1,-0.5,-1,-1
2025-02-15,찬 바람 속 희소식 든 양극재…IRA 변동성이 '수주 릴레이' 변수로 [소부... ,0,0,0.0,0,0
2025-02-15,"""중국도 20조 넣는다""…투자확대 기대감에 로봇주 강세[핫종목] ",0,0,0.0,0,1
2025-02-15,"中 샤오펑, 플라잉카·휴머노이드 로봇 내년 출시…주가 급등 ",0,-1,-0.5,0,1
2025-02-15,[포착] 테슬라 판매사원?…모델별 가격 적힌 메모 들고 홍보하는 트럼프... ,0,0,0.0,0,0
2025-02-15,"트럼프, 머스크와 모델S 시승→구매까지…""테슬라 공격시 테러로 처벌"" ",0,-1,-0.5,0,0
2025-02-15,"이준석 ""이재명은 윤 대통령 데칼코마니"" [짤e몽땅] ",0,0,0.0,0,0
2025-02-15,"트럼프, 테슬라 타고 머스크 지원...""테슬라 공격은 테러"" ",0,-1,-0.5,0,0
2025-02-15,나스닥100 하락 속 개인 순매수 증가… 반등 기대감 작용 ,0,-1,-0.5,0,1
2025-02-15,中전기차 관세 부과에도 BYD EU서 판매 급증…테슬라는 반토막 ,0,-1,-0.5,-1,-1
2025-02-15,머스크가 6·25 참전 미군 유해 신원 확인 중단시켰다고? ,0,0,0.0,-1,-1
2025-02-15,[질문들] 테슬라향 대규모 수주?…엘앤에프 '봄날은 온다' ,0,0,0.0,1,-1
2025-02-15,"3배 테슬라 올라탄 서학개미, -76% 날벼락…""매도 못해"" 비명만 ",0,-1,-0.5,-1,-1
2025-02-15,"젝시믹스, 브랜드 창립 10주년 기념 대규모 기획전 진행 ",0,0,0.0,0,0
2025-02-15,테슬라 주가 폭락으로 190조 증발... 눈가 촉촉해져 '말잇못' 하는 일론... ,0,0,0.0,-1,-1
2025-02-15,"제네시스 'GV70' 전기차 타보니, 묵직한 '가짜 엔진음' 구현[카미경] ",0,-1,-0.5,-1,-1
2025-02-15,"코스닥...리노공업 · HPSP · 퀄리타스반도체 '껑충', 알테오젠 '뚝' ",0,-1,-0.5,0,1
2025-02-15,"루마니아 '푸틴 칭송' 극우 대선 후보 출마 금지...머스크 ""미친 짓"" ",0,0,0.0,0,0
2025-02-15,"루마니아 '푸틴 칭송' 극우 대선 후보 출마 금지...머스크 ""미친 짓"" ",0,0,0.0,0,0
2025-02-15,"돌아온 外人, 코스피 '급등'...하나금융·SK하이닉스 '껑충' ",0,-1,-0.5,0,0
2025-02-15,'KODEX 미국서학개미 ETF' 올해 수익률 '바닥권' ,0,-1,-0.5,-1,1
2025-02-15,"트럼프의 테슬라 vs 레이건의 할리 데이비슨, 무엇이 다른가? [데스크칼... ",0,0,0.0,0,0
2025-02-15,한달동안 '-30%'....손절? 저가매수? 혼돈의 서학개미 ,0,0,0.0,-1,0
2025-02-15,"머스크와 '모델S' 시승 트럼프…""테슬라 공격시 '테러'로 처벌""(종합2보... ",0,-1,-0.5,-1,0
2025-02-15,"테슬라 유럽 판매 급감 이유, 신차 출시 위해 모델 Y 생산 중단이 주요... ",0,0,0.0,-1,-1
2025-02-15,"`자산운용` 키우는 우리금융, 美부자 꿈꾸며 `EMP펀드` 출시 ",0,-1,-0.5,0,1
2025-02-15,"현대차 모셔널 테슬라·구글 뒤따른다, 자율주행 기술 '엔드투엔드'로 ... ",0,-1,-0.5,0,1
2025-02-15,"테슬라 광팬도 등 돌렸다 ""주가 곧 200달러 붕괴할 것"" ",0,0,0.0,-1,0
2025-02-14,[필동정담] NASA국장과 구로구청장 ,0,0,0.0,0,0
2025-02-14,"FT ""트럼프, 머스크와의 결별은 시간문제···곁에 두기엔 정치적 부담... ",0,-1,-0.5,-1,0
2025-02-14,"트럼프, 주가 폭락한 테슬라 시승…""머스크, 1억불 기부로 화답""(종합) ",0,-1,-0.5,-1,-1
2025-02-14,찬 바람 속 희소식 든 양극재…IRA 변동성이 '수주 릴레이' 변수로 [소부... ,0,0,0.0,0,0
2025-02-14,"""중국도 20조 넣는다""…투자확대 기대감에 로봇주 강세[핫종목] ",0,0,0.0,0,1
2025-02-14,"中 샤오펑, 플라잉카·휴머노이드 로봇 내년 출시…주가 급등 ",0,-1,-0.5,0,1
2025-02-14,"트럼프, 머스크와 모델S 시승→구매까지…""테슬라 공격시 테러로 처벌"" ",0,-1,-0.5,0,0
2025-02-14,[포착] 테슬라 판매사원?…모델별 가격 적힌 메모 들고 홍보하는 트럼프... ,0,0,0.0,0,0
2025-02-14,"이준석 ""이재명은 윤 대통령 데칼코마니"" [짤e몽땅] ",0,0,0.0,0,0
2025-02-14,"트럼프, 테슬라 타고 머스크 지원...""테슬라 공격은 테러"" ",0,-1,-0.5,0,0
2025-02-14,中전기차 관세 부과에도 BYD EU서 판매 급증…테슬라는 반토막 ,0,-1,-0.5,-1,-1
2025-02-14,나스닥100 하락 속 개인 순매수 증가… 반등 기대감 작용 ,0,-1,-0.5,0,1
2025-02-14,머스크가 6·25 참전 미군 유해 신원 확인 중단시켰다고? ,0,0,0.0,-1,-1
2025-02-14,[질문들] 테슬라향 대규모 수주?…엘앤에프 '봄날은 온다' ,0,0,0.0,1,-1
2025-02-14,"3배 테슬라 올라탄 서학개미, -76% 날벼락…""매도 못해"" 비명만 ",0,-1,-0.5,-1,-1
2025-02-14,"젝시믹스, 브랜드 창립 10주년 기념 대규모 기획전 진행 ",0,0,0.0,0,0
2025-02-14,테슬라 주가 폭락으로 190조 증발... 눈가 촉촉해져 '말잇못' 하는 일론... ,0,0,0.0,-1,-1
2025-02-14,"제네시스 'GV70' 전기차 타보니, 묵직한 '가짜 엔진음' 구현[카미경] ",0,-1,-0.5,-1,-1
2025-02-14,"코스닥...리노공업 · HPSP · 퀄리타스반도체 '껑충', 알테오젠 '뚝' ",0,-1,-0.5,0,1
2025-02-14,"루마니아 '푸틴 칭송' 극우 대선 후보 출마 금지...머스크 ""미친 짓"" ",0,0,0.0,0,0
2025-02-14,"밉상 된 테슬라, 국내 판매도 부진… 일각선 “신차 없는 탓” ",0,-1,-0.5,-1,-1
2025-02-14,"돌아온 外人, 코스피 '급등'...하나금융·SK하이닉스 '껑충' ",0,-1,-0.5,0,0
2025-02-14,'KODEX 미국서학개미 ETF' 올해 수익률 '바닥권' ,0,-1,-0.5,-1,1
2025-02-14,"트럼프의 테슬라 vs 레이건의 할리 데이비슨, 무엇이 다른가? [데스크칼... ",0,0,0.0,0,0
2025-02-14,한달동안 '-30%'....손절? 저가매수? 혼돈의 서학개미 ,0,0,0.0,-1,0
2025-02-14,"머스크와 '모델S' 시승 트럼프…""테슬라 공격시 '테러'로 처벌""(종합2보... ",0,-1,-0.5,-1,0
2025-02-14,"테슬라 유럽 판매 급감 이유, 신차 출시 위해 모델 Y 생산 중단이 주요... ",0,0,0.0,-1,-1
2025-02-14,"`자산운용` 키우는 우리금융, 美부자 꿈꾸며 `EMP펀드` 출시 ",0,-1,-0.5,0,1
2025-02-14,"현대차 모셔널 테슬라·구글 뒤따른다, 자율주행 기술 '엔드투엔드'로 ... ",0,-1,-0.5,0,1
2025-02-14,"테슬라 광팬도 등 돌렸다 ""주가 곧 200달러 붕괴할 것"" ",0,0,0.0,-1,0
2025-02-13,[필동정담] NASA국장과 구로구청장 ,0,0,0.0,0,0
2025-02-13,"FT ""트럼프, 머스크와의 결별은 시간문제···곁에 두기엔 정치적 부담... ",0,-1,-0.5,-1,0
2025-02-13,"트럼프, 주가 폭락한 테슬라 시승…""머스크, 1억불 기부로 화답""(종합) ",0,-1,-0.5,-1,-1
2025-02-13,찬 바람 속 희소식 든 양극재…IRA 변동성이 '수주 릴레이' 변수로 [소부... ,0,0,0.0,0,0
2025-02-13,"""중국도 20조 넣는다""…투자확대 기대감에 로봇주 강세[핫종목] ",0,0,0.0,0,1
2025-02-13,"中 샤오펑, 플라잉카·휴머노이드 로봇 내년 출시…주가 급등 ",0,-1,-0.5,0,1
2025-02-13,[포착] 테슬라 판매사원?…모델별 가격 적힌 메모 들고 홍보하는 트럼프... ,0,0,0.0,0,0
2025-02-13,"트럼프, 머스크와 모델S 시승→구매까지…""테슬라 공격시 테러로 처벌"" ",0,-1,-0.5,0,0
2025-02-13,"이준석 ""이재명은 윤 대통령 데칼코마니"" [짤e몽땅] ",0,0,0.0,0,0
2025-02-13,"트럼프, 테슬라 타고 머스크 지원...""테슬라 공격은 테러"" ",0,-1,-0.5,0,0
2025-02-13,中전기차 관세 부과에도 BYD EU서 판매 급증…테슬라는 반토막 ,0,-1,-0.5,-1,-1
2025-02-13,나스닥100 하락 속 개인 순매수 증가… 반등 기대감 작용 ,0,-1,-0.5,0,1
2025-02-13,머스크가 6·25 참전 미군 유해 신원 확인 중단시켰다고? ,0,0,0.0,-1,-1
2025-02-13,[질문들] 테슬라향 대규모 수주?…엘앤에프 '봄날은 온다' ,0,0,0.0,1,-1
2025-02-13,"3배 테슬라 올라탄 서학개미, -76% 날벼락…""매도 못해"" 비명만 ",0,-1,-0.5,-1,-1
2025-02-13,"젝시믹스, 브랜드 창립 10주년 기념 대규모 기획전 진행 ",0,0,0.0,0,0
2025-02-13,테슬라 주가 폭락으로 190조 증발... 눈가 촉촉해져 '말잇못' 하는 일론... ,0,0,0.0,-1,-1
2025-02-13,"제네시스 'GV70' 전기차 타보니, 묵직한 '가짜 엔진음' 구현[카미경] ",0,-1,-0.5,-1,-1
2025-02-13,"코스닥...리노공업 · HPSP · 퀄리타스반도체 '껑충', 알테오젠 '뚝' ",0,-1,-0.5,0,1
2025-02-13,"루마니아 '푸틴 칭송' 극우 대선 후보 출마 금지...머스크 ""미친 짓"" ",0,0,0.0,0,0
2025-02-13,"루마니아 '푸틴 칭송' 극우 대선 후보 출마 금지...머스크 ""미친 짓"" ",0,0,0.0,0,0
2025-02-13,"돌아온 外人, 코스피 '급등'...하나금융·SK하이닉스 '껑충' ",0,-1,-0.5,0,0
2025-02-13,'KODEX 미국서학개미 ETF' 올해 수익률 '바닥권' ,0,-1,-0.5,-1,1
2025-02-13,"트럼프의 테슬라 vs 레이건의 할리 데이비슨, 무엇이 다른가? [데스크칼... ",0,0,0.0,0,0
2025-02-13,한달동안 '-30%'....손절? 저가매수? 혼돈의 서학개미 ,0,0,0.0,-1,0
2025-02-13,"머스크와 '모델S' 시승 트럼프…""테슬라 공격시 '테러'로 처벌""(종합2보... ",0,-1,-0.5,-1,0
2025-02-13,"테슬라 유럽 판매 급감 이유, 신차 출시 위해 모델 Y 생산 중단이 주요... ",0,0,0.0,-1,-1
2025-02-13,"`자산운용` 키우는 우리금융, 美부자 꿈꾸며 `EMP펀드` 출시 ",0,-1,-0.5,0,1
2025-02-13,"현대차 모셔널 테슬라·구글 뒤따른다, 자율주행 기술 '엔드투엔드'로 ... ",0,-1,-0.5,0,1
2025-02-13,"테슬라 광팬도 등 돌렸다 ""주가 곧 200달러 붕괴할 것"" ",0,0,0.0,-1,0
2025-02-12,[필동정담] NASA국장과 구로구청장 ,0,0,0.0,0,0
2025-02-12,"FT ""트럼프, 머스크와의 결별은 시간문제···곁에 두기엔 정치적 부담... ",0,-1,-0.5,-1,0
2025-02-12,"트럼프, 주가 폭락한 테슬라 시승…""머스크, 1억불 기부로 화답""(종합) ",0,-1,-0.5,-1,-1
2025-02-12,찬 바람 속 희소식 든 양극재…IRA 변동성이 '수주 릴레이' 변수로 [소부... ,0,0,0.0,0,0
2025-02-12,"""중국도 20조 넣는다""…투자확대 기대감에 로봇주 강세[핫종목] ",0,0,0.0,0,1
2025-02-12,"中 샤오펑, 플라잉카·휴머노이드 로봇 내년 출시…주가 급등 ",0,-1,-0.5,0,1
2025-02-12,"트럼프, 머스크와 모델S 시승→구매까지…""테슬라 공격시 테러로 처벌"" ",0,-1,-0.5,0,0
2025-02-12,[포착] 테슬라 판매사원?…모델별 가격 적힌 메모 들고 홍보하는 트럼프... ,0,0,0.0,-1,0
2025-02-12,"이준석 ""이재명은 윤 대통령 데칼코마니"" [짤e몽땅] ",0,0,0.0,0,0
2025-02-12,"트럼프, 테슬라 타고 머스크 지원...""테슬라 공격은 테러"" ",0,-1,-0.5,0,0
2025-02-12,中전기차 관세 부과에도 BYD EU서 판매 급증…테슬라는 반토막 ,0,-1,-0.5,-1,-1
2025-02-12,나스닥100 하락 속 개인 순매수 증가… 반등 기대감 작용 ,0,-1,-0.5,0,1
2025-02-12,머스크가 6·25 참전 미군 유해 신원 확인 중단시켰다고? ,0,0,0.0,-1,-1
2025-02-12,[질문들] 테슬라향 대규모 수주?…엘앤에프 '봄날은 온다' ,0,0,0.0,1,-1
2025-02-12,"3배 테슬라 올라탄 서학개미, -76% 날벼락…""매도 못해"" 비명만 ",0,-1,-0.5,-1,-1
2025-02-12,"젝시믹스, 브랜드 창립 10주년 기념 대규모 기획전 진행 ",0,0,0.0,0,0
2025-02-12,테슬라 주가 폭락으로 190조 증발... 눈가 촉촉해져 '말잇못' 하는 일론... ,0,0,0.0,-1,-1
2025-02-12,"제네시스 'GV70' 전기차 타보니, 묵직한 '가짜 엔진음' 구현[카미경] ",0,-1,-0.5,-1,-1
2025-02-12,"코스닥...리노공업 · HPSP · 퀄리타스반도체 '껑충', 알테오젠 '뚝' ",0,-1,-0.5,0,1
2025-02-12,"밉상 된 테슬라, 국내 판매도 부진… 일각선 “신차 없는 탓” ",0,-1,-0.5,-1,-1
2025-02-12,"루마니아 '푸틴 칭송' 극우 대선 후보 출마 금지...머스크 ""미친 짓"" ",0,0,0.0,0,0
2025-02-12,"돌아온 外人, 코스피 '급등'...하나금융·SK하이닉스 '껑충' ",0,-1,-0.5,0,0
2025-02-12,'KODEX 미국서학개미 ETF' 올해 수익률 '바닥권' ,0,-1,-0.5,-1,1
2025-02-12,"트럼프의 테슬라 vs 레이건의 할리 데이비슨, 무엇이 다른가? [데스크칼... ",0,0,0.0,0,0
2025-02-12,한달동안 '-30%'....손절? 저가매수? 혼돈의 서학개미 ,0,0,0.0,-1,0
2025-02-12,"머스크와 '모델S' 시승 트럼프…""테슬라 공격시 '테러'로 처벌""(종합2보... ",0,-1,-0.5,-1,0
2025-02-12,"테슬라 유럽 판매 급감 이유, 신차 출시 위해 모델 Y 생산 중단이 주요... ",0,0,0.0,-1,-1
2025-02-12,"`자산운용` 키우는 우리금융, 美부자 꿈꾸며 `EMP펀드` 출시 ",0,-1,-0.5,0,1
2025-02-12,"현대차 모셔널 테슬라·구글 뒤따른다, 자율주행 기술 '엔드투엔드'로 ... ",0,-1,-0.5,0,1
2025-02-12,"테슬라 광팬도 등 돌렸다 ""주가 곧 200달러 붕괴할 것"" ",0,0,0.0,-1,0
2025-02-11,[필동정담] NASA국장과 구로구청장 ,0,0,0.0,0,0
2025-02-11,"FT ""트럼프, 머스크와의 결별은 시간문제···곁에 두기엔 정치적 부담... ",0,-1,-0.5,-1,0
2025-02-11,"트럼프, 주가 폭락한 테슬라 시승…""머스크, 1억불 기부로 화답""(종합) ",0,-1,-0.5,-1,-1
2025-02-11,찬 바람 속 희소식 든 양극재…IRA 변동성이 '수주 릴레이' 변수로 [소부... ,0,0,0.0,0,0
2025-02-11,"""중국도 20조 넣는다""…투자확대 기대감에 로봇주 강세[핫종목] ",0,0,0.0,0,1
2025-02-11,"中 샤오펑, 플라잉카·휴머노이드 로봇 내년 출시…주가 급등 ",0,-1,-0.5,0,1
2025-02-11,"트럼프, 머스크와 모델S 시승→구매까지…""테슬라 공격시 테러로 처벌"" ",0,-1,-0.5,0,0
2025-02-11,[포착] 테슬라 판매사원?…모델별 가격 적힌 메모 들고 홍보하는 트럼프... ,0,0,0.0,0,0
2025-02-11,"이준석 ""이재명은 윤 대통령 데칼코마니"" [짤e몽땅] ",0,0,0.0,0,0
2025-02-11,"트럼프, 테슬라 타고 머스크 지원...""테슬라 공격은 테러"" ",0,-1,-0.5,0,0
2025-02-11,나스닥100 하락 속 개인 순매수 증가… 반등 기대감 작용 ,0,-1,-0.5,0,1
2025-02-11,中전기차 관세 부과에도 BYD EU서 판매 급증…테슬라는 반토막 ,0,-1,-0.5,-1,-1
2025-02-11,머스크가 6·25 참전 미군 유해 신원 확인 중단시켰다고? ,0,0,0.0,-1,-1
2025-02-11,[질문들] 테슬라향 대규모 수주?…엘앤에프 '봄날은 온다' ,0,0,0.0,1,-1
2025-02-11,"3배 테슬라 올라탄 서학개미, -76% 날벼락…""매도 못해"" 비명만 ",0,-1,-0.5,-1,-1
2025-02-11,"젝시믹스, 브랜드 창립 10주년 기념 대규모 기획전 진행 ",0,0,0.0,0,0
2025-02-11,테슬라 주가 폭락으로 190조 증발... 눈가 촉촉해져 '말잇못' 하는 일론... ,0,0,0.0,-1,-1
2025-02-11,"제네시스 'GV70' 전기차 타보니, 묵직한 '가짜 엔진음' 구현[카미경] ",0,-1,-0.5,-1,-1
2025-02-11,"코스닥...리노공업 · HPSP · 퀄리타스반도체 '껑충', 알테오젠 '뚝' ",0,-1,-0.5,0,1
2025-02-11,"루마니아 '푸틴 칭송' 극우 대선 후보 출마 금지...머스크 ""미친 짓"" ",0,0,0.0,0,0
2025-02-11,"루마니아 '푸틴 칭송' 극우 대선 후보 출마 금지...머스크 ""미친 짓"" ",0,0,0.0,0,0
2025-02-11,"돌아온 外人, 코스피 '급등'...하나금융·SK하이닉스 '껑충' ",0,-1,-0.5,0,0
2025-02-11,'KODEX 미국서학개미 ETF' 올해 수익률 '바닥권' ,0,-1,-0.5,-1,1
2025-02-11,"트럼프의 테슬라 vs 레이건의 할리 데이비슨, 무엇이 다른가? [데스크칼... ",0,0,0.0,0,0
2025-02-11,한달동안 '-30%'....손절? 저가매수? 혼돈의 서학개미 ,0,0,0.0,-1,0
2025-02-11,"머스크와 '모델S' 시승 트럼프…""테슬라 공격시 '테러'로 처벌""(종합2보... ",0,-1,-0.5,-1,0
2025-02-11,"테슬라 유럽 판매 급감 이유, 신차 출시 위해 모델 Y 생산 중단이 주요... ",0,0,0.0,-1,-1
2025-02-11,"`자산운용` 키우는 우리금융, 美부자 꿈꾸며 `EMP펀드` 출시 ",0,-1,-0.5,0,1
2025-02-11,"현대차 모셔널 테슬라·구글 뒤따른다, 자율주행 기술 '엔드투엔드'로 ... ",0,-1,-0.5,0,1
2025-02-11,"테슬라 광팬도 등 돌렸다 ""주가 곧 200달러 붕괴할 것"" ",0,0,0.0,-1,0
